"faa","name","lat","lon","alt","tz","dst"
"04G","Lansdowne Airport",41.1305,-80.6196,1044,-5,"A"
"06A","Moton Field Municipal Airport",32.4606,-85.68,264,-5,"A"
"06C","Schaumburg Regional",41.9893,-88.1012,801,-6,"A"
"06N","Randall Airport",41.4319,-74.3916,523,-5,"A"
"09J","Jekyll Island Airport",31.0745,-81.4278,11,-4,"A"
"0A9","Elizabethton Municipal Airport",36.3712,-82.1734,1593,-4,"A"
"0G6","Williams County Airport",41.4673,-84.5068,730,-5,"A"
"0G7","Finger Lakes Regional Airport",42.8836,-76.7812,492,-5,"A"
"0P2","Shoestring Aviation Airfield",39.7948,-76.6472,1000,-5,"U"
"0S9","Jefferson County Intl",48.0538,-122.811,108,-8,"A"
"0W3","Harford County Airport",39.5668,-76.2024,409,-5,"A"
"10C","Galt Field Airport",42.4029,-88.3751,875,-6,"U"
"17G","Port Bucyrus-Crawford County Airport",40.7816,-82.9748,1003,-5,"A"
"19A","Jackson County Airport",34.1759,-83.5616,951,-4,"U"
"1A3","Martin Campbell Field Airport",35.0158,-84.3468,1789,-4,"A"
"1B9","Mansfield Municipal",42.0001,-71.1968,122,-5,"A"
"1C9","Frazier Lake Airpark",54.0133,-124.768,152,-8,"A"
"1CS","Clow International Airport",41.696,-88.1292,670,-6,"U"
"1G3","Kent State Airport",41.1514,-81.4151,1134,-4,"A"
"1OH","Fortman Airport",40.5553,-84.3866,885,-5,"U"
"1RL","Point Roberts Airpark",48.9797,-123.079,10,-7,"A"
"24C","Lowell City Airport",42.9539,-85.3439,681,-5,"A"
"24J","Suwannee County Airport",30.3001,-83.0247,104,-5,"A"
"25D","Forest Lake Airport",45.2477,-92.9944,925,-5,"A"
"29D","Grove City Airport",41.146,-80.1677,1371,-5,"A"
"2A0","Mark Anton Airport",35.4862,-84.9311,718,-4,"A"
"2G2","Jefferson County Airpark",40.3602,-80.7009,1196,-4,"A"
"2G9","Somerset County Airport",40.0389,-79.015,2275,-5,"A"
"2J9","Quincy Municipal Airport",30.5979,-84.5574,225,-5,"A"
"369","Atmautluak Airport",60.8667,-162.273,18,-10,"A"
"36U","Heber City Municipal Airport",40.4818,-111.429,5637,-6,"A"
"38W","Lynden Airport",48.9559,-122.458,106,-8,"A"
"3D2","Ephraim-Gibraltar Airport",45.1354,-87.1879,773,-5,"A"
"3G3","Wadsworth Municipal",41.0032,-81.7564,974,-5,"A"
"3G4","Ashland County Airport",40.903,-82.2556,1206,-5,"A"
"3J1","Ridgeland Airport",32.4934,-80.9917,79,-5,"A"
"3W2","Put-in-Bay Airport",41.3521,-82.497,595,-6,"A"
"40J","Perry-Foley Airport",30.0693,-83.5806,44,-5,"A"
"41N","Braceville Airport",41.2112,-80.9693,900,-5,"A"
"47A","Cherokee County Airport",34.3122,-84.4222,1219,-4,"A"
"49A","Gilmer County Airport",34.6282,-84.5266,1486,-4,"A"
"49X","Chemehuevi Valley",34.5289,-114.432,638,-8,"A"
"4A4","Polk County Airport - Cornelius Moore Field",34.0187,-85.1465,974,-4,"A"
"4A7","Clayton County Tara Field",33.3891,-84.3324,874,-5,"A"
"4A9","Isbell Field Airport",34.4737,-85.7214,877,-5,"A"
"4B8","Robertson Field",41.6893,-72.8647,202,-5,"A"
"4G0","Pittsburgh-Monroeville Airport",40.4526,-79.7749,1187,-5,"A"
"4G2","Hamburg Inc Airport",42.7009,-78.9148,751,-5,"A"
"4G4","Youngstown Elser Metro Airport",40.9618,-80.6773,1070,-5,"A"
"4I7","Putnam County Airport",39.6336,-86.8138,842,-5,"U"
"4U9","Dell Flight Strip",44.7357,-112.72,6007,-7,"A"
"52A","Madison GA Municipal Airport",33.6121,-83.4604,694,-5,"A"
"54J","DeFuniak Springs Airport",30.7311,-86.1538,289,-5,"A"
"55J","Fernandina Beach Municipal Airport",30.6118,-81.4612,16,-4,"A"
"57C","East Troy Municipal Airport",42.7972,-88.3726,860,-6,"A"
"60J","Ocean Isle Beach Airport",33.9085,-78.4367,32,-5,"U"
"6A2","Griffin-Spalding County Airport",33.227,-84.2749,958,-5,"A"
"6K8","Tok Junction Airport",63.3294,-142.954,1639,-9,"A"
"6S0","Big Timber Airport",45.8064,-109.981,4492,-7,"A"
"6S2","Florence",43.9828,-124.111,51,-7,"A"
"6Y8","Welke Airport",45.7211,-85.5203,664,-5,"A"
"70J","Cairo-Grady County Airport",30.888,-84.1547,265,-5,"A"
"70N","Spring Hill Airport",41.3474,-75.4159,1729,-5,"A"
"7A4","Foster Field",42.4664,-90.1694,990,-6,"A"
"7D9","Germack Airport",41.7778,-80.904,820,-5,"A"
"7N7","Spitfire Aerodrome",39.7356,-75.3977,40,-5,"A"
"8M8","Garland Airport",44.8065,-84.2762,1218,-5,"A"
"93C","Richland Airport",43.2834,-90.2983,742,-6,"A"
"99N","Bamberg County Airport",33.3045,-81.1084,231,-5,"A"
"9A1","Covington Municipal Airport",33.6323,-83.8474,809,-4,"A"
"9A5","Barwick Lafayette Airport",34.6885,-85.2903,777,-4,"A"
"A39","Phoenix Regional Airport",32.9917,-111.921,1300,-7,"A"
"AAF","Apalachicola Regional Airport",29.7276,-85.0274,20,-6,"A"
"ABE","Lehigh Valley Intl",40.6521,-75.4408,393,-5,"A"
"ABI","Abilene Rgnl",32.4113,-99.6819,1791,-6,"A"
"ABL","Ambler Airport",67.1064,-157.857,334,-9,"A"
"ABQ","Albuquerque International Sunport",35.0402,-106.609,5355,-7,"A"
"ABR","Aberdeen Regional Airport",45.4491,-98.4218,1302,-6,"A"
"ABY","Southwest Georgia Regional Airport",31.5355,-84.1945,197,-5,"A"
"ACK","Nantucket Mem",41.2531,-70.0602,48,-5,"A"
"ACT","Waco Rgnl",31.6113,-97.2305,516,-6,"A"
"ACV","Arcata",40.9781,-124.109,221,-8,"A"
"ACY","Atlantic City Intl",39.4576,-74.5772,75,-5,"A"
"ADK","Adak Airport",51.878,-176.646,18,-10,"A"
"ADM","Ardmore Muni",34.3008,-97.0089,762,-6,"A"
"ADQ","Kodiak",57.75,-152.494,78,-9,"A"
"ADS","Addison",32.9686,-96.8364,644,-5,"A"
"ADW","Andrews Afb",38.8108,-76.867,280,-5,"A"
"AET","Allakaket Airport",66.5519,-152.622,441,-8,"A"
"AEX","Alexandria Intl",31.3274,-92.5498,89,-6,"A"
"AFE","Kake Airport",56.9614,-133.91,172,-9,"A"
"AFW","Fort Worth Alliance Airport",32.9878,-97.3189,722,-6,"A"
"AGC","Allegheny County Airport",40.3544,-79.9302,1252,-5,"A"
"AGN","Angoon Seaplane Base",57.5036,-134.585,0,-9,"A"
"AGS","Augusta Rgnl At Bush Fld",33.3699,-81.9645,144,-5,"A"
"AHN","Athens Ben Epps Airport",33.9486,-83.3263,808,-5,"A"
"AIA","Alliance Municipal Airport",42.0533,-102.804,3931,-7,"A"
"AIK","Municipal Airport",33.6494,-81.685,529,-5,"A"
"AIN","Wainwright Airport",70.6381,-159.995,41,-9,"A"
"AIZ","Lee C Fine Memorial Airport",38.096,-92.5495,869,-5,"A"
"AKB","Atka Airport",52.2203,-174.206,56,-9,"A"
"AKC","Akron Fulton Intl",41.0375,-81.4669,1067,-5,"A"
"AKI","Akiak Airport",60.9028,-161.231,30,-9,"A"
"AKK","Akhiok Airport",56.9386,-154.183,44,-9,"A"
"AKN","King Salmon",58.6768,-156.649,68,-9,"A"
"AKP","Anaktuvuk Pass Airport",68.1336,-151.743,2103,-9,"A"
"ALB","Albany Intl",42.7483,-73.8017,285,-5,"A"
"ALI","Alice Intl",27.7409,-98.0269,178,-6,"A"
"ALM","Alamogordo White Sands Regional Airport",32.8399,-105.991,4200,-7,"A"
"ALO","Waterloo Regional Airport",42.5571,-92.4003,873,-6,"A"
"ALS","San Luis Valley Regional Airport",37.435,-105.867,7539,-7,"A"
"ALW","Walla Walla Regional Airport",46.0949,-118.288,1191,-8,"A"
"ALX","Alexandria",38.8063,-77.0621,1,-5,"A"
"ALZ","Alitak Seaplane Base",56.8994,-154.248,0,-9,"A"
"AMA","Rick Husband Amarillo Intl",35.2194,-101.706,3607,-6,"A"
"ANB","Anniston Metro",33.5882,-85.8581,612,-6,"A"
"ANC","Ted Stevens Anchorage Intl",61.1744,-149.996,152,-9,"A"
"AND","Anderson Rgnl",34.4946,-82.7094,782,-5,"A"
"ANI","Aniak Airport",61.5816,-159.543,88,-9,"A"
"ANN","Annette Island",55.0424,-131.572,119,-9,"A"
"ANP","Lee Airport",38.9428,-76.5683,34,-5,"A"
"ANQ","Tri-State Steuben County Airport",41.6397,-85.0835,995,-5,"A"
"ANV","Anvik Airport",62.6467,-160.191,309,-9,"A"
"AOH","Lima Allen County Airport",40.7075,-84.0271,975,-5,"A"
"AOO","Altoona Blair Co",40.2964,-78.32,1504,-5,"A"
"AOS","Amook Bay Seaplane Base",57.4714,-153.815,0,-9,"A"
"APA","Centennial",39.5701,-104.849,5883,-7,"A"
"APC","Napa County Airport",38.2132,-122.281,35,-7,"A"
"APF","Naples Muni",26.1526,-81.7753,8,-5,"A"
"APG","Phillips Aaf",39.4662,-76.1688,57,-5,"A"
"APN","Alpena County Regional Airport",45.0781,-83.5603,689,-5,"A"
"AQC","Klawock Seaplane Base",55.5547,-133.102,0,-9,"A"
"ARA","Acadiana Rgnl",30.0378,-91.8839,24,-6,"A"
"ARB","Ann Arbor Municipal Airport",42.1323,-83.4444,839,-5,"A"
"ARC","Arctic Village Airport",68.1147,-145.579,2092,-9,"A"
"ART","Watertown Intl",43.9919,-76.0217,325,-5,"A"
"ARV","Lakeland",45.9278,-89.7308,1629,-6,"A"
"ASE","Aspen Pitkin County Sardy Field",39.2232,-106.869,7820,-7,"A"
"ASH","Boire Field Airport",42.7818,-71.5148,199,-4,"A"
"AST","Astoria Regional Airport",46.158,-123.879,15,-8,"A"
"ATK","Atqasuk Edward Burnell Sr Memorial Airport",70.4673,-157.436,96,-9,"A"
"ATL","Hartsfield Jackson Atlanta Intl",33.6367,-84.4281,1026,-5,"A"
"ATT","Camp Mabry Austin City",30.3167,-97.7666,0,-6,"A"
"ATW","Appleton",44.2575,-88.5076,680,-6,"A"
"ATY","Watertown Regional Airport",44.914,-97.1547,1748,-6,"A"
"AUG","Augusta State",44.3206,-69.7973,352,-5,"A"
"AUK","Alakanuk Airport",62.68,-164.66,10,-9,"A"
"AUS","Austin Bergstrom Intl",30.1945,-97.6699,542,-6,"A"
"AUW","Wausau Downtown Airport",44.9263,-89.627,1201,-6,"U"
"AVL","Asheville Regional Airport",35.4362,-82.5418,2165,-5,"A"
"AVO","Executive",27.5914,-81.5289,160,-5,"A"
"AVP","Wilkes Barre Scranton Intl",41.3385,-75.7234,962,-5,"A"
"AVW","Marana Regional",32.4096,-111.218,2031,-7,"U"
"AVX","Avalon",33.405,-118.416,1602,-8,"A"
"AZA","Phoenix-Mesa Gateway",33.3078,-111.655,1382,-7,"N"
"AZO","Kalamazoo",42.2349,-85.5521,874,-5,"A"
"BAB","Beale Afb",39.1361,-121.437,113,-8,"A"
"BAD","Barksdale Afb",32.5018,-93.6627,166,-6,"A"
"BAF","Barnes Municipal",42.1579,-72.7159,270,-4,"A"
"BBX","Wings Field",40.1375,-75.265,302,-5,"A"
"BCE","Bryce Canyon",37.7064,-112.146,7590,-7,"A"
"BCT","Boca Raton",26.3785,-80.1077,13,-5,"A"
"BDE","Baudette Intl",48.7284,-94.6122,1086,-6,"A"
"BDL","Bradley Intl",41.9389,-72.6832,173,-5,"A"
"BDR","Igor I Sikorsky Mem",41.1635,-73.1262,9,-5,"A"
"BEC","Beech Factory Airport",37.6939,-97.2149,1409,-5,"A"
"BED","Laurence G Hanscom Fld",42.47,-71.289,133,-5,"A"
"BEH","Southwest Michigan Regional Airport",42.1286,-86.4285,643,-5,"A"
"BET","Bethel",60.7798,-161.838,121,-9,"A"
"BFD","Bradford Regional Airport",41.8031,-78.6401,2143,-5,"A"
"BFF","Western Nebraska Regional Airport",41.874,-103.596,3967,-7,"A"
"BFI","Boeing Fld King Co Intl",47.53,-122.302,21,-8,"A"
"BFL","Meadows Fld",35.4336,-119.057,507,-8,"A"
"BFM","Mobile Downtown",30.6268,-88.0681,26,-6,"A"
"BFP","Beaver Falls",40.7725,-80.3914,1253,-4,"A"
"BFT","Beaufort",32.4774,-80.7232,37,-5,"A"
"BGE","Decatur County Industrial Air Park",30.9716,-84.6369,141,-5,"A"
"BGM","Greater Binghamton Edwin A Link Fld",42.2087,-75.9798,1636,-5,"A"
"BGR","Bangor Intl",44.8074,-68.8281,192,-5,"A"
"BHB","Hancock County - Bar Harbor",44.4498,-68.3616,83,-5,"A"
"BHM","Birmingham Intl",33.5629,-86.7536,644,-6,"A"
"BID","Block Island State Airport",41.1681,-71.5778,108,-5,"A"
"BIF","Biggs Aaf",31.8495,-106.38,3948,-7,"A"
"BIG","Allen Aaf",63.9945,-145.722,1291,-9,"A"
"BIL","Billings Logan International Airport",45.8092,-108.538,3652,-7,"A"
"BIS","Bismarck Municipal Airport",46.7758,-100.758,1661,-6,"A"
"BIV","Tulip City Airport",42.7428,-86.1078,698,-5,"A"
"BIX","Keesler Afb",30.4104,-88.9244,33,-6,"A"
"BJC","Rocky Mountain Metropolitan Airport",39.9089,-105.117,5670,-7,"A"
"BJI","Bemidji Regional Airport",47.5107,-94.9347,1391,-6,"A"
"BKC","Buckland Airport",65.9817,-161.149,31,-9,"A"
"BKD","Stephens Co",32.719,-98.891,1284,-6,"A"
"BKF","Buckley Afb",39.7017,-104.752,5662,-7,"A"
"BKG","Branson LLC",36.532,-93.2006,1302,-6,"A"
"BKH","Barking Sands Pmrf",22.0228,-159.785,23,-10,"A"
"BKL","Burke Lakefront Airport",41.5175,-81.6833,583,-5,"A"
"BKW","Raleigh County Memorial Airport",37.7873,-81.1242,2504,-5,"A"
"BKX","Brookings Regional Airport",44.3048,-96.8169,1648,-6,"A"
"BLD","Boulder City Municipal Airport",35.5651,-114.514,2201,-8,"U"
"BLF","Mercer County Airport",37.2958,-81.2077,2857,-5,"A"
"BLH","Blythe Airport",33.6192,-114.717,399,-8,"A"
"BLI","Bellingham Intl",48.7927,-122.538,170,-8,"A"
"BLV","Scott Afb Midamerica",38.5452,-89.8352,459,-6,"A"
"BMC","Brigham City",41.552,-112.062,4229,-7,"A"
"BMG","Monroe County Airport",39.146,-86.6167,846,-5,"A"
"BMI","Central Illinois Rgnl",40.4771,-88.9159,871,-6,"A"
"BMX","Big Mountain Afs",59.3612,-155.259,663,-9,"A"
"BNA","Nashville Intl",36.1245,-86.6782,599,-6,"A"
"BOI","Boise Air Terminal",43.5644,-116.223,2871,-7,"A"
"BOS","General Edward Lawrence Logan Intl",42.3643,-71.0052,19,-5,"A"
"BOW","Bartow Municipal Airport",27.9434,-81.7834,125,-6,"U"
"BPT","Southeast Texas Rgnl",29.9508,-94.0207,15,-6,"A"
"BQK","Brunswick Golden Isles Airport",31.2588,-81.4665,26,-5,"A"
"BRD","Brainerd Lakes Rgnl",46.3983,-94.1381,1226,-6,"U"
"BRL","Southeast Iowa Regional Airport",40.7832,-91.1255,698,-6,"A"
"BRO","Brownsville South Padre Island Intl",25.9068,-97.4259,22,-6,"A"
"BRW","Wiley Post Will Rogers Mem",71.2854,-156.766,44,-9,"A"
"BSF","Bradshaw Aaf",19.7601,-155.554,6190,-10,"A"
"BTI","Barter Island Lrrs",70.134,-143.582,2,-9,"A"
"BTM","Bert Mooney Airport",45.9548,-112.497,5550,-7,"A"
"BTR","Baton Rouge Metro Ryan Fld",30.5332,-91.1496,70,-6,"A"
"BTT","Bettles",66.9139,-151.529,644,-9,"A"
"BTV","Burlington Intl",44.4719,-73.1533,335,-5,"A"
"BUF","Buffalo Niagara Intl",42.9405,-78.7322,724,-5,"A"
"BUR","Bob Hope",34.2007,-118.359,778,-8,"A"
"BUU","Municipal Airport",42.6907,-88.3047,780,-6,"A"
"BUY","Burlington-Alamance Regional Airport",36.0485,-79.4749,617,-4,"A"
"BVY","Beverly Municipal Airport",42.5841,-70.9161,107,-5,"A"
"BWD","KBWD",31.7936,-98.9565,1387,-6,"A"
"BWG","Bowling Green-Warren County Regional Airport",36.9645,-86.4197,547,-5,"A"
"BWI","Baltimore Washington Intl",39.1754,-76.6683,146,-5,"A"
"BXK","Buckeye Municipal Airport",33.4204,-112.686,1033,-7,"U"
"BXS","Borrego Valley Airport",33.259,-116.321,520,-7,"A"
"BYH","Arkansas Intl",35.9643,-89.944,254,-6,"A"
"BYS","Bicycle Lake Aaf",35.2805,-116.63,2350,-8,"A"
"BYW","Blakely Island Airport",48.5603,-122.802,0,-8,"A"
"BZN","Gallatin Field",45.7776,-111.16,4500,-7,"A"
"C02","Grand Geneva Resort Airport",42.6149,-88.3896,835,-6,"U"
"C16","Frasca Field",40.145,-88.2002,735,-6,"A"
"C47","Portage Municipal Airport",43.5603,-89.4829,825,-6,"U"
"C65","Plymouth Municipal Airport",41.3651,-86.3003,800,-5,"A"
"C89","Sylvania Airport",42.7032,-87.959,785,-6,"A"
"C91","Dowagiac Municipal Airport",41.9929,-86.128,748,-5,"U"
"CAE","Columbia Metropolitan",33.9388,-81.1195,236,-5,"A"
"CAK","Akron Canton Regional Airport",40.9161,-81.4422,1228,-5,"A"
"CAR","Caribou Muni",46.8715,-68.0179,626,-4,"A"
"CBE","Greater Cumberland Rgnl.",39.6153,-78.7606,775,-5,"A"
"CBM","Columbus Afb",33.6438,-88.4438,219,-6,"A"
"CCO","Coweta County Airport",33.3116,-84.7698,970,-5,"A"
"CCR","Buchanan Field Airport",37.9897,-122.057,26,-8,"A"
"CDB","Cold Bay",55.2061,-162.725,96,-9,"A"
"CDC","Cedar City Rgnl",37.701,-113.099,5622,-7,"A"
"CDI","Cambridge Municipal Airport",39.975,-81.5776,799,-5,"U"
"CDK","CedarKey",29.1342,-83.0505,11,-4,"A"
"CDN","Woodward Field",34.2836,-80.5649,302,-5,"A"
"CDR","Chadron Municipal Airport",42.8375,-103.096,3297,-7,"A"
"CDS","Childress Muni",34.4338,-100.288,1954,-6,"A"
"CDV","Merle K Mudhole Smith",60.4918,-145.478,48,-9,"A"
"CDW","Caldwell Essex County Airport",40.8752,-74.2814,172,-5,"A"
"CEC","Del Norte County Airport",41.7802,-124.237,57,-8,"A"
"CEF","Westover Arb Metropolitan",42.194,-72.5348,241,-5,"A"
"CEM","Central Airport",65.5739,-144.781,937,-9,"A"
"CEU","Clemson",34.6722,-82.8859,891,-4,"A"
"CEW","Bob Sikes",30.7788,-86.5221,213,-6,"A"
"CEZ","Cortez Muni",37.303,-108.628,5918,-7,"A"
"CFD","Coulter Fld",30.7157,-96.3314,367,-6,"A"
"CGA","Craig Seaplane Base",55.4789,-133.148,0,-9,"A"
"CGF","Cuyahoga County",41.5651,-81.4864,879,-5,"A"
"CGI","Cape Girardeau Regional Airport",37.2253,-89.5708,342,-6,"A"
"CGX","Meigs Field",41.8603,-87.6097,585,-6,"A"
"CGZ","Casa Grande Municipal Airport",32.9549,-111.767,1464,-7,"U"
"CHA","Lovell Fld",35.0353,-85.2038,683,-5,"A"
"CHI","All Airports",41.8836,-87.6317,596,-6,"A"
"CHO","Charlottesville-Albemarle",38.1386,-78.4529,639,-5,"A"
"CHS","Charleston Afb Intl",32.8986,-80.0405,45,-5,"A"
"CHU","Chuathbaluk Airport",61.5792,-159.216,243,-9,"A"
"CIC","Chico Muni",39.7954,-121.858,238,-8,"A"
"CID","Cedar Rapids",41.8847,-91.7108,869,-6,"A"
"CIK","Chalkyitsik Airport",66.645,-143.74,544,-9,"A"
"CIL","Council Airport",64.8978,-163.703,85,-9,"A"
"CIU","Chippewa County International Airport",46.2508,-84.4724,800,-5,"A"
"CKB","Harrison Marion Regional Airport",39.2966,-80.2281,1217,-5,"A"
"CKD","Crooked Creek Airport",61.8678,-158.135,178,-9,"A"
"CKF","Crisp County Cordele Airport",31.9888,-83.7739,310,-5,"A"
"CKV","Clarksville-Montgomery County Regional Airport",36.6219,-87.415,550,-5,"A"
"CLC","Clear Lake Metroport",29.5569,-95.1375,35,6,"A"
"CLD","McClellan-Palomar Airport",33.0742,-117.165,328,-8,"A"
"CLE","Cleveland Hopkins Intl",41.4117,-81.8498,791,-5,"A"
"CLL","Easterwood Fld",30.5886,-96.3638,321,-6,"A"
"CLM","William R Fairchild International Airport",48.1202,-123.5,291,-8,"A"
"CLT","Charlotte Douglas Intl",35.214,-80.9431,748,-5,"A"
"CLW","Clearwater Air Park",27.9765,-82.7587,70,-5,"A"
"CMH","Port Columbus Intl",39.998,-82.8919,815,-5,"A"
"CMI","Champaign",40.0393,-88.2781,754,-6,"A"
"CMX","Houghton County Memorial Airport",47.1684,-88.4891,1095,-5,"A"
"CNM","Cavern City Air Terminal",32.3375,-104.263,3295,-7,"A"
"CNW","Tstc Waco",31.6378,-97.0741,470,-6,"A"
"CNY","Canyonlands Field",38.755,-109.755,4555,-7,"A"
"COD","Yellowstone Rgnl",44.5202,-109.024,5102,-7,"A"
"COF","Patrick Afb",28.2349,-80.6101,8,-5,"A"
"CON","Concord Municipal",43.2027,-71.5023,342,-5,"A"
"COS","City Of Colorado Springs Muni",38.8058,-104.701,6187,-7,"A"
"COT","Cotulla Lasalle Co",28.4567,-99.2203,474,-6,"A"
"COU","Columbia Rgnl",38.8181,-92.2196,889,-6,"A"
"CPR","Natrona Co Intl",42.908,-106.464,5347,-7,"A"
"CPS","St. Louis Downtown Airport",38.5707,-90.1562,413,-6,"U"
"CRE","Grand Strand Airport",33.8118,-78.7239,31,-4,"A"
"CRP","Corpus Christi Intl",27.7704,-97.5012,44,-6,"A"
"CRW","Yeager",38.3731,-81.5932,981,-5,"A"
"CSG","Columbus Metropolitan Airport",32.5163,-84.9389,397,-5,"A"
"CTB","Cut Bank Muni",48.6084,-112.376,3854,-7,"A"
"CTH","Chester County G O Carlson Airport",39.9789,-75.8654,660,-5,"A"
"CTJ","West Georgia Regional Airport - O V Gray Field",33.6317,-85.1523,1165,-4,"A"
"CTY","Cross City",29.6355,-83.1047,42,-4,"A"
"CVG","Cincinnati Northern Kentucky Intl",39.0488,-84.6678,896,-5,"A"
"CVN","Clovis Muni",34.4251,-103.079,4216,-6,"A"
"CVS","Cannon Afb",34.3828,-103.322,4295,-7,"A"
"CVX","Charlevoix Municipal Airport",45.3048,-85.2753,669,-5,"A"
"CWA","Central Wisconsin",44.7727,-89.6466,840,-6,"A"
"CWI","Clinton Municipal",41.8308,-90.329,708,-6,"A"
"CXF","Coldfoot Airport",67.2514,-150.176,1014,-9,"A"
"CXL","Calexico Intl",32.6695,-115.513,4,-8,"A"
"CXO","Lone Star Executive",30.3518,-95.4145,245,-6,"A"
"CXY","Capital City Airport",40.2171,-76.8514,347,-5,"A"
"CYF","Chefornak Airport",60.1492,-164.286,40,-9,"A"
"CYM","Chatham Seaplane Base",57.515,-134.946,0,-9,"A"
"CYS","Cheyenne Rgnl Jerry Olson Fld",41.1557,-104.812,6156,-7,"A"
"CYT","Yakataga Airport",60.0819,-142.494,12,-9,"A"
"CZF","Cape Romanzof Lrrs",61.7803,-166.039,457,-9,"A"
"CZN","Chisana Airport",62.0711,-142.048,1011,-9,"A"
"DAB","Daytona Beach Intl",29.1799,-81.0581,34,-5,"A"
"DAL","Dallas Love Fld",32.8471,-96.8518,487,-6,"A"
"DAY","James M Cox Dayton Intl",39.9024,-84.2194,1009,-5,"A"
"DBQ","Dubuque Rgnl",42.402,-90.7095,1076,-6,"A"
"DCA","Ronald Reagan Washington Natl",38.8521,-77.0377,15,-5,"A"
"DDC","Dodge City Regional Airport",37.7634,-99.9656,2594,-6,"A"
"DEC","Decatur",39.8346,-88.8657,682,-6,"A"
"DEN","Denver Intl",39.8617,-104.673,5431,-7,"A"
"DET","Coleman A Young Muni",42.4092,-83.0099,626,-5,"A"
"DFW","Dallas Fort Worth Intl",32.8968,-97.038,607,-6,"A"
"DGL","Douglas Municipal Airport",31.3426,-109.506,4173,-7,"N"
"DHN","Dothan Rgnl",31.3213,-85.4496,401,-6,"A"
"DHT","Dalhart Muni",36.0226,-102.547,3991,-6,"A"
"DIK","Dickinson Theodore Roosevelt Regional Airport",46.7975,-102.802,2592,-5,"A"
"DKB","De Kalb Taylor Municipal Airport",41.9338,-88.7057,914,-6,"U"
"DKK","Chautauqua County-Dunkirk Airport",42.4933,-79.272,693,-5,"A"
"DKX","Knoxville Downtown Island Airport",35.9638,-83.8737,833,-4,"A"
"DLF","Laughlin Afb",29.3595,-100.778,1082,-6,"A"
"DLG","Dillingham",59.0447,-158.506,74,-9,"A"
"DLH","Duluth Intl",46.8421,-92.1936,1428,-6,"A"
"DLL","Baraboo Wisconsin Dells Airport",43.5218,-89.7709,979,-6,"A"
"DMA","Davis Monthan Afb",32.1665,-110.883,2704,-7,"A"
"DNL","Daniel Field Airport",33.4665,-82.0394,423,-5,"A"
"DNN","Dalton Municipal Airport",34.7229,-84.8702,709,-4,"A"
"DOV","Dover Afb",39.1295,-75.466,28,-5,"A"
"DPA","Dupage",41.9078,-88.2486,758,-6,"A"
"DQH","Douglas Municipal Airport",31.4767,-82.8606,257,-5,"A"
"DRG","Deering Airport",66.0696,-162.766,21,-9,"A"
"DRI","Beauregard Rgnl",30.8317,-93.3399,202,-6,"A"
"DRM","Drummond Island Airport",46.0093,-83.7439,668,-5,"A"
"DRO","Durango La Plata Co",37.1515,-107.754,6685,-7,"A"
"DRT","Del Rio Intl",29.3742,-100.927,1002,-6,"A"
"DSM","Des Moines Intl",41.534,-93.6631,958,-6,"A"
"DTA","Delta Municipal Airport",39.3806,-112.508,4759,-6,"A"
"DTS","Destin",30.4001,-86.4715,23,-5,"A"
"DTW","Detroit Metro Wayne Co",42.2124,-83.3534,645,-5,"A"
"DUC","Halliburton Field Airport",34.4713,-97.9599,1114,-6,"A"
"DUG","Bisbee Douglas Intl",31.469,-109.604,4154,-7,"A"
"DUJ","DuBois Regional Airport",41.1783,-78.8987,1817,-5,"A"
"DUT","Unalaska",53.9001,-166.543,22,-9,"A"
"DVL","Devils Lake Regional Airport",48.1144,-98.9086,1445,-6,"A"
"DVT","Deer Valley Municipal Airport",33.4117,112.457,1478,-7,"A"
"DWA","Yolo County Airport",38.5794,-121.857,100,-7,"A"
"DWH","David Wayne Hooks Field",30.0637,-95.5543,152,-6,"A"
"DWS","Orlando",28.398,-81.57,340,-5,"A"
"DXR","Danbury Municipal Airport",41.3715,-73.4822,458,-5,"A"
"DYS","Dyess Afb",32.4208,-99.8546,1789,-6,"A"
"E25","Wickenburg Municipal Airport",33.9689,-112.799,2377,-7,"A"
"E51","Bagdad Airport",34.5959,-113.17,4183,-7,"A"
"E55","Ocean Ridge Airport",38.8016,-123.531,940,-8,"A"
"E63","Gila Bend Municipal Airport",32.9602,-112.674,789,-7,"U"
"E91","Chinle Municipal Airport",36.1109,-109.575,5547,-7,"N"
"EAA","Eagle Airport",64.7781,-141.15,908,-9,"A"
"EAR","Kearney Municipal Airport",40.727,-99.0068,2131,-6,"A"
"EAT","Pangborn Field",47.398,-120.206,1249,-8,"A"
"EAU","Chippewa Valley Regional Airport",44.8658,-91.4843,913,-6,"A"
"ECA","Iosco County",44.311,-83.422,606,-5,"A"
"ECG","Elizabeth City Cgas Rgnl",36.2606,-76.1746,12,-5,"A"
"ECP","Panama City-NW Florida Bea.",30.3417,-85.7973,69,-6,"A"
"EDF","Elmendorf Afb",61.251,-149.807,212,-9,"A"
"EDW","Edwards Afb",34.9054,-117.884,2302,-8,"A"
"EEK","Eek Airport",60.2136,-162.044,15,-9,"A"
"EEN","Dillant Hopkins Airport",72.2708,42.8983,149,-5,"A"
"EET","Shelby County Airport",33.1778,-86.7832,586,-6,"A"
"EFD","Ellington Fld",29.6073,-95.1587,32,-6,"A"
"EGA","Eagle County Airport",39.6428,-106.916,6548,-7,"U"
"EGE","Eagle Co Rgnl",39.6426,-106.918,6540,-7,"A"
"EGT","Wellington Municipal",37.3941,-97.4232,1277,-4,"A"
"EGV","Eagle River",45.9323,-89.2683,1642,-6,"A"
"EGX","Egegik Airport",58.1856,-157.376,92,-9,"A"
"EHM","Cape Newenham Lrrs",58.6464,-162.063,541,-9,"A"
"EIL","Eielson Afb",64.6657,-147.101,548,-9,"A"
"EKI","Elkhart Municipal",41.7194,-86.0033,778,-5,"A"
"EKN","Elkins Randolph Co Jennings Randolph",38.8894,-79.8571,1987,-5,"A"
"EKO","Elko Regional Airport",40.8249,-115.792,5140,-8,"A"
"ELD","South Arkansas Rgnl At Goodwin Fld",33.221,-92.8133,277,-6,"A"
"ELI","Elim Airport",64.615,-162.271,162,-9,"A"
"ELM","Elmira Corning Rgnl",42.1599,-76.8916,954,-5,"A"
"ELP","El Paso Intl",31.8073,-106.378,3958,-7,"A"
"ELV","Elfin Cove Seaplane Base",58.1953,-136.348,0,-9,"A"
"ELY","Ely Airport",39.2997,-114.842,6259,-8,"A"
"EMK","Emmonak Airport",62.7861,-164.491,13,-9,"A"
"EMP","Emporia Municipal Airport",38.3321,-96.1912,1208,-6,"A"
"ENA","Kenai Muni",60.5731,-151.245,99,-9,"A"
"END","Vance Afb",36.3392,-97.9165,1307,-6,"A"
"ENV","Wendover",40.7187,-114.031,4237,-7,"A"
"ENW","Kenosha Regional Airport",42.5957,-87.9278,742,-6,"A"
"EOK","Keokuk Municipal Airport",40.4599,-91.4285,671,-6,"A"
"EPM","Eastport Municipal Airport",44.9101,-67.0127,45,-5,"A"
"EQY","Monroe Reqional Airport",35.0183,-80.62,679,-5,"A"
"ERI","Erie Intl Tom Ridge Fld",42.082,-80.1762,733,-5,"A"
"ERV","Kerrville Municipal Airport",29.9767,-99.0855,1617,-6,"A"
"ERY","Luce County Airport",46.3112,-85.4573,869,-5,"A"
"ESC","Delta County Airport",45.7228,-87.0936,609,-5,"A"
"ESD","Orcas Island Airport",48.7081,-122.911,31,-8,"A"
"ESF","Esler Rgnl",31.3949,-92.2958,112,-6,"A"
"ESN","Easton-Newnam Field Airport",38.8042,-76.069,72,-5,"A"
"EUG","Mahlon Sweet Fld",44.1246,-123.212,374,-8,"A"
"EVV","Evansville Regional",38.037,-87.5324,418,-6,"A"
"EWB","New Bedford Regional Airport",41.6761,-70.9569,80,-5,"A"
"EWN","Craven Co Rgnl",35.073,-77.0429,18,-5,"A"
"EWR","Newark Liberty Intl",40.6925,-74.1687,18,-5,"A"
"EXI","Excursion Inlet Seaplane Base",58.4206,-135.449,0,-9,"A"
"EYW","Key West Intl",24.5561,-81.7596,3,-5,"A"
"F57","Seaplane Base",28.0575,-81.7628,140,-7,"A"
"FAF","Felker Aaf",37.1325,-76.6088,12,-5,"A"
"FAI","Fairbanks Intl",64.8151,-147.856,434,-9,"A"
"FAR","Hector International Airport",46.9207,-96.8158,902,-6,"A"
"FAT","Fresno Yosemite Intl",36.7762,-119.718,336,-8,"A"
"FAY","Fayetteville Regional Grannis Field",34.9912,-78.8803,189,-5,"A"
"FBG","Fredericksburg Amtrak Station",38.2984,-77.4569,130,-5,"A"
"FBK","Ladd Aaf",64.8375,-147.614,454,-9,"A"
"FBS","Friday Harbor Seaplane Base",48.5372,-123.01,0,-8,"A"
"FCA","Glacier Park Intl",48.3105,-114.256,2977,-7,"A"
"FCS","Butts Aaf",38.6784,-104.757,5838,-7,"A"
"FDY","Findlay Airport",41.012,-83.6686,819,-5,"U"
"FFA","First Flight Airport",36.02,-75.67,13,-4,"A"
"FFC","Atlanta Regional Airport - Falcon Field",33.3573,-84.5718,808,-4,"A"
"FFO","Wright Patterson Afb",39.8261,-84.0483,823,-5,"A"
"FFT","Capital City Airport",38.182,-84.9061,812,-4,"A"
"FFZ","Mesa Falcon Field",33.4608,-111.728,1394,-7,"A"
"FHU","Sierra Vista Muni Libby Aaf",31.5885,-110.344,4719,-7,"A"
"FIT","Fitchburg Municipal Airport",42.5541,-71.759,348,-4,"A"
"FKL","Franklin",41.3779,-79.8604,1540,-5,"A"
"FLD","Fond Du Lac County Airport",43.7712,-88.4884,808,-6,"A"
"FLG","Flagstaff Pulliam Airport",35.1403,-111.669,7015,-7,"N"
"FLL","Fort Lauderdale Hollywood Intl",26.0726,-80.1527,9,-5,"A"
"FLO","Florence Rgnl",34.1854,-79.7239,146,-5,"A"
"FLV","Sherman Aaf",39.3683,-94.9147,772,-6,"A"
"FME","Tipton",39.0854,-76.7594,150,-5,"A"
"FMH","Otis Angb",41.6584,-70.5214,131,-5,"A"
"FMN","Four Corners Rgnl",36.7413,-108.23,5506,-7,"A"
"FMY","Page Fld",26.5866,-81.8632,17,-5,"A"
"FNL","Fort Collins Loveland Muni",40.4518,-105.011,5016,-7,"A"
"FNR","Funter Bay Seaplane Base",58.2544,-134.898,0,-9,"A"
"FNT","Bishop International",42.9654,-83.7436,782,-5,"A"
"FOD","Fort Dodge Rgnl",42.5512,-94.1918,1157,-6,"A"
"FOE","Forbes Fld",38.9509,-95.6636,1078,-6,"A"
"FOK","Francis S Gabreski",40.8437,-72.6318,67,-5,"A"
"FRD","Friday Harbor Airport",48.5219,-123.024,113,-8,"A"
"FRI","Marshall Aaf",39.0553,-96.7645,1063,-6,"A"
"FRN","Bryant Ahp",61.2664,-149.653,378,-9,"A"
"FRP","St Lucie County International Airport",27.4975,-80.3726,23,-4,"A"
"FSD","Sioux Falls",43.582,-96.7419,1429,-6,"A"
"FSI","Henry Post Aaf",34.6498,-98.4022,1189,-6,"A"
"FSM","Fort Smith Rgnl",35.3366,-94.3674,469,-6,"A"
"FST","Fort Stockton Pecos Co",30.9157,-102.916,3011,-6,"A"
"FTK","Godman Aaf",37.9071,-85.9721,756,-6,"A"
"FTW","Fort Worth Meacham Intl",32.8198,-97.3624,710,-6,"A"
"FTY","Fulton County Airport Brown Field",33.7791,-84.5214,841,-5,"A"
"FUL","Fullerton Municipal Airport",33.5219,-117.585,96,-7,"A"
"FWA","Fort Wayne",40.9785,-85.1951,815,-5,"A"
"FXE","Fort Lauderdale Executive",26.1973,-80.1707,13,-5,"A"
"FYU","Fort Yukon",66.5715,-145.25,433,-9,"A"
"FYV","Drake Fld",36.0051,-94.1701,1251,-6,"A"
"FZG","Fitzgerald Municipal Airport",31.6839,-83.2709,365,-5,"A"
"GAD","Northeast Alabama Regional Airport",33.9726,-86.0891,569,-5,"A"
"GAI","Montgomery County Airpark",39.1006,-77.0958,0,-5,"A"
"GAL","Edward G Pitka Sr",64.7362,-156.937,152,-9,"A"
"GAM","Gambell Airport",63.7668,-171.733,27,-9,"A"
"GBN","Great Bend Municipal",38.3442,-98.8592,1887,-5,"A"
"GCC","Gillette-Campbell County Airport",44.3489,-105.539,4365,-7,"A"
"GCK","Garden City Rgnl",37.9275,-100.724,2891,-6,"A"
"GCN","Grand Canyon National Park Airport",35.9524,-112.147,6609,-7,"N"
"GCW","Grand Canyon West Airport",35.5925,-113.486,4825,-8,"U"
"GDV","Dawson Community Airport",47.1386,-104.807,749,-7,"A"
"GDW","Gladwin Zettel Memorial Airport",43.9706,-84.475,774,-5,"A"
"GED","Sussex Co",38.6892,-75.3589,50,-5,"A"
"GEG","Spokane Intl",47.6199,-117.534,2376,-8,"A"
"GEU","Glendale Municipal Airport",33.5269,-112.295,1071,-7,"N"
"GFK","Grand Forks Intl",47.9493,-97.1761,845,-6,"A"
"GGE","Georgetown County Airport",33.3114,-79.3203,40,-4,"A"
"GGG","East Texas Rgnl",32.384,-94.7115,365,-6,"A"
"GGW","Wokal Field Glasgow International Airport",48.2125,-106.615,2296,-7,"A"
"GHG","Marshfield Municipal Airport",42.0983,-70.6721,9,-4,"A"
"GIF","Gilbert Airport",28.0628,-81.7533,145,-5,"A"
"GJT","Grand Junction Regional",39.1224,-108.527,4858,-7,"A"
"GKN","Gulkana",62.1549,-145.457,1580,-9,"A"
"GKY","Arlington Municipal",32.6639,-97.0943,628,-5,"A"
"GLD","Renner Fld",39.3706,-101.699,3656,-6,"A"
"GLH","Mid Delta Regional Airport",33.4829,-90.9856,131,-6,"A"
"GLS","Scholes Intl At Galveston",29.2653,-94.8604,6,-6,"A"
"GLV","Golovin Airport",64.5506,-163.007,59,-9,"A"
"GNT","Grants Milan Muni",35.1673,-107.902,6537,-7,"A"
"GNU","Goodnews Airport",59.1175,-161.577,15,-10,"A"
"GNV","Gainesville Rgnl",29.6901,-82.2718,152,-5,"A"
"GON","Groton New London",41.3301,-72.0451,9,-5,"A"
"GPT","Gulfport-Biloxi",30.4073,-89.0701,28,-6,"A"
"GPZ","Grand Rapids Itasca County",47.2111,-93.5097,413,-6,"A"
"GQQ","Galion Municipal Airport",40.7534,-82.7238,1224,-4,"A"
"GRB","Austin Straubel Intl",44.4851,-88.1296,695,-6,"A"
"GRF","Gray Aaf",47.0792,-122.581,302,-8,"A"
"GRI","Central Nebraska Regional Airport",40.9675,-98.3096,1847,-6,"A"
"GRK","Robert Gray Aaf",31.0673,-97.8289,1015,-6,"A"
"GRM","Grand Marais Cook County Airport",47.8383,-90.3829,1799,-6,"U"
"GRR","Gerald R Ford Intl",42.8808,-85.5228,794,-5,"A"
"GSB","Seymour Johnson Afb",35.3394,-77.9606,110,-5,"A"
"GSO","Piedmont Triad",36.0977,-79.9373,925,-5,"A"
"GSP","Greenville-Spartanburg International",34.8956,-82.2189,964,-5,"A"
"GST","Gustavus Airport",58.4253,-135.707,34,-9,"A"
"GTB","Wheeler Sack Aaf",44.0556,-75.7195,690,-5,"A"
"GTF","Great Falls Intl",47.482,-111.371,3677,-7,"A"
"GTR","Golden Triangle Regional Airport",33.4503,-88.5914,264,-6,"A"
"GTU","Georgetown Municipal Airport",30.6788,-97.6794,790,-5,"A"
"GUC","Gunnison - Crested Butte",38.5339,-106.933,7678,-7,"A"
"GUP","Gallup Muni",35.5111,-108.789,6472,-7,"A"
"GUS","Grissom Arb",40.6481,-86.1521,812,-5,"A"
"GVL","Lee Gilmer Memorial Airport",34.2726,-83.8302,1276,-4,"A"
"GVQ","Genesee County Airport",43.0318,-78.1697,914,-5,"A"
"GVT","Majors",33.0678,-96.0653,535,-6,"A"
"GWO","Greenwood Leflore",33.4943,-90.0847,162,-6,"A"
"GYY","Gary Chicago International Airport",41.6163,-87.4128,591,-6,"A"
"HBG","Hattiesburg Bobby L. Chain Municipal Airport",31.2649,-89.2529,151,-6,"A"
"HBR","Hobart Muni",34.9913,-99.0514,1564,-6,"A"
"HCC","Columbia County",42.2913,-73.7103,198,-4,"A"
"HCR","Holy Cross Airport",62.1883,-159.775,70,-9,"A"
"HDH","Dillingham",21.5795,-158.197,14,-10,"A"
"HDI","Hardwick Field Airport",35.22,-84.8324,874,-4,"A"
"HDN","Yampa Valley",40.4812,-107.218,6602,-7,"A"
"HDO","Hondo Municipal Airport",29.3591,-99.1775,930,-5,"A"
"HFD","Hartford Brainard",41.7367,-72.6494,18,-5,"A"
"HGR","Hagerstown Regional Richard A Henson Field",39.7079,-77.7295,704,-5,"A"
"HHH","Hilton Head",32.216,-80.752,10,-5,"U"
"HHI","Wheeler Aaf",21.4835,-158.04,837,-10,"A"
"HHR","Jack Northrop Fld Hawthorne Muni",33.9228,-118.335,66,-8,"A"
"HIB","Chisholm Hibbing",47.3866,-92.839,1353,-6,"A"
"HIF","Hill Afb",41.1239,-111.973,4789,-7,"A"
"HII","Lake Havasu City Airport",34.5711,-114.358,783,-7,"N"
"HIO","Portland Hillsboro",45.5404,-122.95,204,-8,"A"
"HKB","Healy River Airport",63.8675,-148.969,1263,-9,"A"
"HKY","Hickory Rgnl",35.7411,-81.3896,1189,-5,"A"
"HLG","Wheeling Ohio County Airport",40.175,-80.6463,1195,-5,"A"
"HLN","Helena Rgnl",46.6068,-111.983,3877,-7,"A"
"HLR","Hood Aaf",31.1387,-97.7145,924,-6,"A"
"HMN","Holloman Afb",32.8525,-106.107,4093,-7,"A"
"HNH","Hoonah Airport",58.0961,-135.41,19,-9,"A"
"HNL","Honolulu Intl",21.3187,-157.922,13,-10,"N"
"HNM","Hana",20.7956,-156.014,78,-10,"A"
"HNS","Haines Airport",59.2438,-135.524,15,-9,"A"
"HOB","Lea Co Rgnl",32.6875,-103.217,3661,-7,"A"
"HOM","Homer",59.6456,-151.477,84,-9,"A"
"HON","Huron Rgnl",44.3852,-98.2285,1289,-6,"A"
"HOP","Campbell Aaf",36.6686,-87.4962,573,-6,"A"
"HOT","Memorial Field",34.478,-93.0962,540,-6,"A"
"HOU","William P Hobby",29.6454,-95.2789,46,-6,"A"
"HPB","Hooper Bay Airport",61.5239,-166.147,7,-9,"A"
"HPN","Westchester Co",41.067,-73.7076,439,-5,"A"
"HQM","Bowerman Field",46.9712,-123.937,18,-8,"A"
"HQU","McDuffie County Airport",33.5297,-82.517,501,-5,"A"
"HRL","Valley Intl",26.2285,-97.6544,36,-6,"A"
"HRO","Boone Co",36.2615,-93.1547,1365,-6,"A"
"HRT","Hurlburt Fld",30.4278,-86.6893,38,-6,"A"
"HSH","Henderson Executive Airport",35.9728,-115.134,1881,-8,"A"
"HSL","Huslia Airport",65.6978,-156.351,213,-9,"A"
"HST","Homestead Arb",25.4886,-80.3836,6,-5,"A"
"HSV","Huntsville International Airport-Carl T Jones Field",34.6372,-86.7751,629,-6,"A"
"HTL","Roscommon Co",44.3598,-84.6711,1150,-5,"A"
"HTS","Tri State Milton J Ferguson Field",38.3667,-82.558,828,-5,"A"
"HUA","Redstone Aaf",34.6787,-86.6848,685,-6,"A"
"HUF","Terre Haute Intl Hulman Fld",39.4515,-87.3076,589,-5,"A"
"HUL","Houlton Intl",46.1231,-67.7921,489,-4,"A"
"HUS","Hughes Airport",66.0392,-154.265,299,-9,"A"
"HUT","Hutchinson Municipal Airport",38.0655,-97.8606,1543,-6,"A"
"HVN","Tweed-New Haven Airport",41.2638,-72.8868,14,-5,"A"
"HVR","Havre City Co",48.543,-109.762,2590,-7,"A"
"HWD","Hayward Executive Airport",37.6589,-122.122,52,-8,"A"
"HWO","North Perry",26.0012,-80.2407,8,-5,"A"
"HXD","Hilton Head Airport",32.2244,-80.6975,19,-4,"A"
"HYA","Barnstable Muni Boardman Polando Fld",41.6693,-70.2804,55,-5,"A"
"HYG","Hydaburg Seaplane Base",55.2064,-132.828,0,-9,"A"
"HYL","Hollis Seaplane Base",55.4817,-132.646,0,-9,"A"
"HYS","Hays Regional Airport",38.8422,-99.2732,1998,-5,"A"
"HZL","Hazleton Municipal",40.9892,-76.0025,1603,-5,"A"
"IAB","Mc Connell Afb",37.6219,-97.2682,1371,-6,"A"
"IAD","Washington Dulles Intl",38.9445,-77.4558,313,-5,"A"
"IAG","Niagara Falls Intl",43.1073,-78.9462,589,-5,"A"
"IAH","George Bush Intercontinental",29.9844,-95.3414,97,-6,"A"
"IAN","Bob Baker Memorial Airport",66.9758,-160.437,166,-9,"A"
"ICT","Wichita Mid Continent",37.6499,-97.4331,1333,-6,"A"
"ICY","Icy Bay Airport",59.9689,-141.662,50,-9,"A"
"IDA","Idaho Falls Rgnl",43.5146,-112.071,4744,-7,"A"
"IDL","Idlewild Intl",40.6398,-73.7789,13,-5,"A"
"IFP","Laughlin-Bullhead Intl",35.1574,-114.56,695,-7,"A"
"IGG","Igiugig Airport",59.324,-155.902,90,-9,"A"
"IGM","Kingman Airport",35.2595,-113.938,3449,-7,"A"
"IGQ","Lansing Municipal",41.5349,-87.5295,620,-6,"A"
"IJD","Windham Airport",41.744,-72.1802,246,-4,"A"
"IKK","Greater Kankakee",41.0714,-87.8463,630,-6,"A"
"IKO","Nikolski Air Station",52.9417,-168.849,77,-9,"A"
"IKR","Kirtland Air Force Base",35.0402,-106.609,5355,-7,"A"
"IKV","Ankeny Regl Airport",41.6914,-93.5664,910,-6,"A"
"ILG","New Castle",39.6787,-75.6065,79,-5,"A"
"ILI","Iliamna",59.7544,-154.911,186,-9,"A"
"ILM","Wilmington Intl",34.2706,-77.9026,32,-5,"A"
"ILN","Wilmington Airborne Airpark",39.4279,-83.7921,1077,-5,"U"
"IMM","Immokalee",26.4339,-81.4014,37,-5,"A"
"IMT","Ford Airport",45.8184,-88.1146,1182,-5,"A"
"IND","Indianapolis Intl",39.7173,-86.2944,797,-5,"A"
"INJ","Hillsboro Muni",32.0835,-97.0972,685,-6,"A"
"INK","Winkler Co",31.7796,-103.201,2822,-6,"A"
"INL","Falls Intl",48.5662,-93.4031,1185,-6,"A"
"INS","Creech Afb",36.5872,-115.673,3133,-8,"A"
"INT","Smith Reynolds",36.1337,-80.222,969,-5,"A"
"INW","Winslow-Lindbergh Regional Airport",35.0219,-110.723,4941,-7,"N"
"IOW","Iowa City Municipal Airport",41.6392,-91.5465,668,-6,"A"
"IPL","Imperial Co",32.8342,-115.579,-54,-8,"A"
"IPT","Williamsport Rgnl",41.2418,-76.9211,529,-5,"A"
"IRC","Circle City Airport",65.8278,-144.076,613,-9,"A"
"IRK","Kirksville Regional Airport",40.0935,-92.5449,966,-6,"A"
"ISM","Kissimmee Gateway Airport",28.2898,-81.4371,82,-5,"A"
"ISN","Sloulin Fld Intl",48.1779,-103.642,1982,-7,"A"
"ISO","Kinston Regional Jetport",35.3314,-77.6089,94,7,"A"
"ISP","Long Island Mac Arthur",40.7953,-73.1002,99,-5,"A"
"ISW","Alexander Field South Wood County Airport",44.3606,-89.8381,1021,-6,"A"
"ITH","Ithaca Tompkins Rgnl",42.491,-76.4584,1099,-5,"A"
"ITO","Hilo Intl",19.7214,-155.048,38,-10,"N"
"IWD","Gogebic Iron County Airport",46.5275,-90.1314,1230,-6,"U"
"IWS","West Houston",29.8182,-95.6726,111,-6,"A"
"IYK","Inyokern Airport",35.6589,-117.829,2455,-8,"A"
"JAC","Jackson Hole Airport",43.6073,-110.738,6451,-7,"A"
"JAN","Jackson Evers Intl",32.3112,-90.0759,346,-6,"A"
"JAX","Jacksonville Intl",30.4941,-81.6879,30,-5,"A"
"JBR","Jonesboro Muni",35.8317,-90.6464,262,-6,"A"
"JCI","New Century AirCenter Airport",38.8309,-94.8903,1087,-6,"A"
"JEF","Jefferson City Memorial Airport",38.5912,-92.1561,549,-6,"A"
"JES","Jesup-Wayne County Airport",31.5539,-81.8825,107,-5,"A"
"JFK","John F Kennedy Intl",40.6398,-73.7789,13,-5,"A"
"JGC","Grand Canyon Heliport",35.9667,-112.133,2500,-8,"A"
"JHM","Kapalua",20.9629,-156.673,256,-10,"N"
"JHW","Chautauqua County-Jamestown",42.1533,-79.2581,525,-5,"A"
"JKA","Jack Edwards Airport",30.2896,-87.6718,17,-6,"A"
"JLN","Joplin Rgnl",37.1518,-94.4983,981,-6,"A"
"JMS","Jamestown Regional Airport",46.9297,-98.6782,1498,-6,"A"
"JNU","Juneau Intl",58.355,-134.576,21,-9,"A"
"JOT","Regional Airport",41.5178,-88.1756,582,-6,"A"
"JRA","West 30th St. Heliport",40.7545,-74.0071,7,-5,"A"
"JRB","Wall Street Heliport",40.7012,-74.009,7,-5,"A"
"JST","John Murtha Johnstown-Cambria County Airport",40.3161,-78.8339,2284,-5,"A"
"JVL","Southern Wisconsin Regional Airport",42.6202,-89.0416,808,-6,"A"
"JXN","Reynolds Field",42.2606,-84.4606,1001,-5,"A"
"JYL","Plantation Airpark",32.6453,-81.5971,188,-4,"A"
"JYO","Leesburg Executive Airport",39.078,-77.558,389,-5,"A"
"JZP","Pickens County Airport",34.4535,-84.4572,1535,-4,"A"
"K03","Wainwright As",70.6134,-159.86,35,-9,"A"
"KAE","Kake Seaplane Base",56.9731,-133.946,0,-9,"A"
"KAL","Kaltag Airport",64.3191,-158.741,187,-9,"A"
"KBC","Birch Creek Airport",66.2567,-145.815,450,-9,"A"
"KBW","Chignik Bay Seaplane Base",56.2956,-158.401,0,-9,"A"
"KCC","Coffman Cove Seaplane Base",56.0147,-132.834,0,-9,"A"
"KCL","Chignik Lagoon Airport",56.3111,-158.534,25,-9,"A"
"KCQ","Chignik Lake Airport",56.255,-158.775,50,-9,"A"
"KEH","Kenmore Air Harbor Inc Seaplane Base",47.7548,-122.259,14,-8,"A"
"KEK","Ekwok Airport",59.3569,-157.471,135,-9,"A"
"KFP","False Pass Airport",54.8475,-163.41,20,-9,"A"
"KGK","Koliganek Airport",59.7267,-157.259,269,-9,"A"
"KGX","Grayling Airport",62.8944,-160.065,99,-9,"A"
"KKA","Koyuk Alfred Adams Airport",64.9394,-161.154,154,-9,"A"
"KKB","Kitoi Bay Seaplane Base",58.1908,-152.371,0,-9,"A"
"KKH","Kongiganak Airport",59.9608,-162.881,30,-9,"A"
"KLG","Kalskag Airport",61.5363,-160.341,55,-9,"A"
"KLL","Levelock Airport",59.1281,-156.859,39,-9,"A"
"KLN","Larsen Bay Airport",57.535,-153.977,87,-9,"A"
"KLS","Kelso Longview",46.118,-122.898,20,-8,"A"
"KLW","Klawock Airport",55.5792,-133.076,80,-9,"A"
"KMO","Manokotak Airport",58.9903,-159.05,51,-9,"A"
"KMY","Moser Bay Seaplane Base",57.0256,-154.146,0,-9,"A"
"KNW","New Stuyahok Airport",59.4499,-157.328,302,-9,"A"
"KOA","Kona Intl At Keahole",19.7388,-156.046,47,-10,"N"
"KOT","Kotlik Airport",63.0306,-163.533,15,-9,"A"
"KOY","Olga Bay Seaplane Base",57.1614,-154.23,0,-9,"A"
"KOZ","Ouzinkie Airport",57.9229,-152.501,55,-9,"A"
"KPB","Point Baker Seaplane Base",56.3519,-133.623,0,-9,"A"
"KPC","Port Clarence Coast Guard Station",65.2537,-166.859,10,-9,"A"
"KPN","Kipnuk Airport",59.9331,-164.031,11,-9,"A"
"KPR","Port Williams Seaplane Base",58.49,-152.582,0,-9,"A"
"KPV","Perryville Airport",55.9067,-159.161,29,-9,"A"
"KPY","Port Bailey Seaplane Base",57.93,-153.041,0,-9,"A"
"KQA","Akutan Seaplane Base",54.1325,-165.785,0,-9,"A"
"KSM","St Marys Airport",62.0605,-163.302,311,-9,"A"
"KTB","Thorne Bay Seaplane Base",55.6881,-132.537,0,-9,"A"
"KTN","Ketchikan Intl",55.3556,-131.714,88,-9,"A"
"KTS","Brevig Mission Airport",65.3314,-166.466,35,-9,"A"
"KUK","Kasigluk Airport",60.8733,-162.524,40,-9,"A"
"KVC","King Cove Airport",55.1163,-162.266,155,-9,"A"
"KVL","Kivalina Airport",67.7362,-164.563,13,-9,"A"
"KWK","Kwigillingok Airport",59.8764,-163.169,18,-9,"A"
"KWN","Quinhagak Airport",59.755,-161.845,42,-9,"A"
"KWP","West Point Village Seaplane Base",57.77,-153.549,0,-9,"A"
"KWT","Kwethluk Airport",60.7903,-161.444,30,-9,"A"
"KYK","Karuluk Airport",57.5669,-154.45,137,-9,"A"
"KYU","Koyukuk Airport",64.8758,-157.731,149,-9,"A"
"KZB","Zachar Bay Seaplane Base",57.55,-153.75,0,-9,"A"
"L06","Furnace Creek",36.273,-116.515,0,-7,"A"
"L35","Big Bear City",34.2638,-116.856,6725,-7,"A"
"LAA","Lamar Muni",38.0697,-102.689,3706,-7,"A"
"LAF","Purude University Airport",40.4123,-86.9369,606,-5,"A"
"LAL","Lakeland Linder Regional Airport",27.9889,-82.0186,142,-5,"A"
"LAM","Los Alamos Airport",35.8798,-106.269,7171,-6,"A"
"LAN","Capital City",42.7787,-84.5874,861,-5,"A"
"LAR","Laramie Regional Airport",41.3121,-105.675,7284,-7,"A"
"LAS","Mc Carran Intl",36.0801,-115.152,2141,-8,"A"
"LAW","Lawton-Fort Sill Regional Airport",34.5677,-98.4166,1110,-6,"A"
"LAX","Los Angeles Intl",33.9425,-118.408,126,-8,"A"
"LBB","Lubbock Preston Smith Intl",33.6636,-101.823,3282,-6,"A"
"LBE","Arnold Palmer Regional Airport",40.2759,-79.4048,1185,-5,"A"
"LBF","North Platte Regional Airport Lee Bird Field",41.1262,-100.684,2776,-6,"A"
"LBL","Liberal Muni",37.0442,-100.96,2885,-6,"A"
"LBT","Municipal Airport",34.6098,-79.0596,125,-5,"A"
"LCH","Lake Charles Rgnl",30.1261,-93.2233,15,-6,"A"
"LCK","Rickenbacker Intl",39.8138,-82.9278,744,-5,"A"
"LCQ","Lake City Municipal Airport",30.1819,-82.5769,201,-5,"A"
"LDJ","Linden Airport",40.6174,-74.2446,23,-5,"A"
"LEB","Lebanon Municipal Airport",43.6261,-72.3042,603,-5,"A"
"LEW","Lewiston Maine",44.0485,-70.2835,288,-5,"A"
"LEX","Blue Grass",38.0365,-84.6059,979,-5,"A"
"LFI","Langley Afb",37.0829,-76.3605,11,-5,"A"
"LFK","Angelina Co",31.234,-94.75,296,-6,"A"
"LFT","Lafayette Rgnl",30.2053,-91.9876,43,-6,"A"
"LGA","La Guardia",40.7772,-73.8726,22,-5,"A"
"LGB","Long Beach",33.8177,-118.152,60,-8,"A"
"LGC","LaGrange-Callaway Airport",33.0089,-85.0726,694,-5,"A"
"LGU","Logan-Cache",41.791,-111.852,4457,-7,"A"
"LHD","Lake Hood Seaplane Base",61.1866,-149.965,71,8,"A"
"LHV","William T. Piper Mem.",41.1358,-77.4223,556,-5,"A"
"LHX","La Junta Muni",38.0497,-103.509,4238,-7,"A"
"LIH","Lihue",21.976,-159.339,153,-10,"N"
"LIT","Adams Fld",34.7294,-92.2243,262,-6,"A"
"LIV","Livingood Airport",65.5311,-148.541,696,-9,"A"
"LKE","Kenmore Air Harbor Seaplane Base",47.629,-122.339,14,-7,"A"
"LKP","Lake Placid Airport",44.2644,-73.9619,1747,5,"A"
"LMT","Klamath Falls Airport",42.1561,-121.733,4095,-8,"A"
"LNA","Palm Beach Co Park",26.593,-80.0851,14,-5,"A"
"LNK","Lincoln",40.851,-96.7592,1219,-6,"A"
"LNN","Lost Nation Municipal Airport",41.684,-81.3898,626,-5,"A"
"LNR","Tri-County Regional Airport",43.2117,-90.1817,718,-6,"A"
"LNS","Lancaster Airport",40.1217,-76.2961,403,-5,"A"
"LNY","Lanai",20.7856,-156.951,1308,-10,"N"
"LOT","Lewis University Airport",41.6063,-88.083,680,-6,"A"
"LOU","Bowman Fld",38.228,-85.6637,546,-5,"A"
"LOZ","London-Corbin Airport-MaGee Field",37.0869,-84.0774,1212,-5,"A"
"LPC","Lompoc Airport",34.6656,-120.468,88,-8,"A"
"LPR","Lorain County Regional Airport",41.3443,-82.1776,793,-5,"A"
"LPS","Lopez Island Airport",48.4839,-122.938,209,-8,"A"
"LRD","Laredo Intl",27.5437,-99.4616,508,-6,"A"
"LRF","Little Rock Afb",34.9169,-92.1497,311,-6,"A"
"LRU","Las Cruces Intl",32.2894,-106.922,4456,-7,"A"
"LSE","La Crosse Municipal",43.879,-91.2567,654,-6,"A"
"LSF","Lawson Aaf",32.3373,-84.9913,232,-5,"A"
"LSV","Nellis Afb",36.2362,-115.034,1870,-8,"A"
"LTS","Altus Afb",34.6671,-99.2667,1382,-6,"A"
"LUF","Luke Afb",33.535,-112.383,1085,-7,"A"
"LUK","Cincinnati Muni Lunken Fld",39.1033,-84.4186,483,-5,"A"
"LUP","Kalaupapa Airport",21.211,-156.974,24,-10,"A"
"LUR","Cape Lisburne Lrrs",68.8751,-166.11,12,-9,"A"
"LVK","Livermore Municipal",37.4136,-121.491,400,-8,"A"
"LVM","Mission Field Airport",45.6994,-110.448,4660,-7,"A"
"LVS","Las Vegas Muni",35.6542,-105.142,6877,-7,"A"
"LWA","South Haven Area Regional Airport",42.3512,-86.2556,666,-5,"A"
"LWB","Greenbrier Valley Airport",37.8583,-80.3994,2302,-5,"U"
"LWC","Lawrence Municipal",39.0092,-95.2175,833,-4,"A"
"LWM","Lawrence Municipal Airport",42.7172,-71.1234,148,-4,"A"
"LWS","Lewiston Nez Perce Co",46.3745,-117.015,1442,-8,"A"
"LWT","Lewistown Municipal Airport",47.0493,-109.467,4170,-7,"A"
"LXY","Mexia - Limestone County Airport",31.6412,-96.5145,544,-6,"A"
"LYH","Lynchburg Regional Preston Glenn Field",37.3267,-79.2004,938,-5,"A"
"LYU","Ely Municipal",47.8244,-91.8308,1456,-6,"A"
"LZU","Gwinnett County Airport-Briscoe Field",33.9781,-83.9624,1061,-4,"A"
"MAE","Madera Municipal Airport",36.9886,-120.112,255,-8,"A"
"MAF","Midland Intl",31.9425,-102.202,2871,-6,"A"
"MBL","Manistee County-Blacker Airport",44.2725,-86.2469,621,-5,"A"
"MBS","Mbs Intl",43.5329,-84.0796,668,-5,"A"
"MCC","Mc Clellan Afld",38.6676,-121.401,75,-8,"A"
"MCD","Mackinac Island Airport",45.8649,-84.6373,740,-5,"U"
"MCE","Merced Municipal Airport",37.2847,-120.514,156,-8,"A"
"MCF","Macdill Afb",27.8493,-82.5212,14,-5,"A"
"MCG","McGrath Airport",62.9529,-155.606,338,-9,"A"
"MCI","Kansas City Intl",39.2976,-94.7139,1026,-6,"A"
"MCK","McCook Regional Airport",40.2064,-100.592,2583,-6,"A"
"MCL","McKinley National Park Airport",63.7328,-148.911,1720,-8,"A"
"MCN","Middle Georgia Rgnl",32.6929,-83.6492,354,-5,"A"
"MCO","Orlando Intl",28.4294,-81.309,96,-5,"A"
"MCW","Mason City Municipal",43.2247,-93.4067,1243,-5,"A"
"MDT","Harrisburg Intl",40.1935,-76.7634,310,-5,"A"
"MDW","Chicago Midway Intl",41.786,-87.7524,620,-6,"A"
"ME5","Banks Airport",44.1654,-68.4282,100,-5,"A"
"MEI","Key Field",32.3326,-88.7519,297,-6,"A"
"MEM","Memphis Intl",35.0424,-89.9767,341,-6,"A"
"MER","Castle",37.3805,-120.568,189,-8,"A"
"MFD","Mansfield Lahm Regional",40.8214,-82.5166,1297,-5,"A"
"MFE","Mc Allen Miller Intl",26.1758,-98.2386,107,-6,"A"
"MFI","Marshfield Municipal Airport",44.6369,-90.1893,1278,-6,"A"
"MFR","Rogue Valley Intl Medford",42.3742,-122.874,1335,-8,"A"
"MGC","Michigan City Municipal Airport",41.7033,-86.8211,500,-5,"A"
"MGE","Dobbins Arb",33.9154,-84.5163,1068,-5,"A"
"MGJ","Orange County Airport",41.51,-74.2646,364,-4,"A"
"MGM","Montgomery Regional Airport",32.3006,-86.394,221,-6,"A"
"MGR","Moultrie Municipal Airport",31.0849,-83.8033,294,-4,"A"
"MGW","Morgantown Muni Walter L Bill Hart Fld",39.6429,-79.9163,1248,-5,"A"
"MGY","Dayton-Wright Brothers Airport",39.589,-84.2249,957,-5,"U"
"MHK","Manhattan Reigonal",39.141,-96.6708,1057,-6,"A"
"MHM","Minchumina Airport",63.8861,-152.302,678,-9,"A"
"MHR","Sacramento Mather",38.5539,-121.298,96,-8,"A"
"MHT","Manchester Regional Airport",42.9326,-71.4357,266,-5,"A"
"MHV","Mojave",35.0594,-118.152,2791,-8,"A"
"MIA","Miami Intl",25.7933,-80.2906,8,-5,"A"
"MIB","Minot Afb",48.4156,-101.358,1668,-6,"A"
"MIE","Delaware County Airport",40.2425,-85.3958,937,-5,"U"
"MIV","Millville Muni",39.3678,-75.0722,85,-5,"A"
"MKC","Downtown",39.1275,-94.5989,759,-6,"A"
"MKE","General Mitchell Intl",42.9472,-87.8966,723,-6,"A"
"MKG","Muskegon County Airport",43.1695,-86.2382,628,-5,"A"
"MKK","Molokai",21.1529,-157.096,454,-10,"N"
"MKL","Mc Kellar Sipes Rgnl",35.5999,-88.9156,434,-6,"A"
"MKO","Davis Fld",35.6565,-95.3667,612,-6,"A"
"MLB","Melbourne Intl",28.1028,-80.6453,33,-5,"A"
"MLC","Mc Alester Rgnl",34.8824,-95.7835,770,-6,"A"
"MLD","Malad City",42.17,-112.289,4503,-7,"A"
"MLI","Quad City Intl",41.4485,-90.5075,590,-6,"A"
"MLJ","Baldwin County Airport",33.1542,-83.2414,385,-4,"A"
"MLL","Marshall Don Hunter Sr. Airport",61.8646,-162.026,103,-9,"A"
"MLS","Frank Wiley Field",46.428,-105.886,2630,-7,"A"
"MLT","Millinocket Muni",45.6478,-68.6856,408,-5,"A"
"MLU","Monroe Rgnl",32.5109,-92.0377,79,-6,"A"
"MLY","Manley Hot Springs Airport",64.9975,-150.644,270,-9,"A"
"MMH","Mammoth Yosemite Airport",37.624,-118.838,7128,-8,"A"
"MMI","McMinn Co",35.3992,-84.5618,874,-5,"N"
"MMU","Morristown Municipal Airport",40.7993,-74.4149,187,-5,"A"
"MMV","Mc Minnville Muni",45.1944,-123.136,163,-8,"A"
"MNM","Menominee Marinette Twin Co",45.1266,-87.6384,625,-5,"A"
"MNT","Minto Airport",65.1436,-149.37,460,-9,"A"
"MOB","Mobile Rgnl",30.6912,-88.2428,219,-6,"A"
"MOD","Modesto City Co Harry Sham",37.6258,-120.954,97,-8,"A"
"MOT","Minot Intl",48.2594,-101.28,1716,-6,"A"
"MOU","Mountain Village Airport",62.0954,-163.682,337,-9,"A"
"MPB","Miami Seaplane Base",25.7783,-80.1703,0,-5,"A"
"MPI","MariposaYosemite",37.3039,-120.022,2454,-8,"A"
"MPV","Edward F Knapp State",44.2035,-72.5623,1165,-5,"A"
"MQB","Macomb Municipal Airport",40.5201,-90.6524,707,-6,"U"
"MQT","Sawyer International Airport",46.3536,-87.3953,1221,-5,"A"
"MRB","Eastern WV Regional Airport",39.2407,-77.591,554,-5,"A"
"MRI","Merrill Fld",61.2135,-149.844,137,-9,"A"
"MRK","Marco Islands",25.995,-81.6725,5,-5,"A"
"MRN","Foothills Regional Airport",35.8202,-81.6115,1270,-4,"A"
"MRY","Monterey Peninsula",36.587,-121.843,257,-8,"A"
"MSL","Northwest Alabama Regional Airport",34.7453,-87.6102,550,-6,"A"
"MSN","Dane Co Rgnl Truax Fld",43.1399,-89.3375,887,-6,"A"
"MSO","Missoula Intl",46.9163,-114.091,3205,-7,"A"
"MSP","Minneapolis St Paul Intl",44.882,-93.2218,841,-6,"A"
"MSS","Massena Intl Richards Fld",44.9358,-74.8455,215,-5,"A"
"MSY","Louis Armstrong New Orleans Intl",29.9934,-90.258,4,-6,"A"
"MTC","Selfridge Angb",42.6083,-82.8355,580,-5,"A"
"MTH","Florida Keys Marathon Airport",24.7261,-81.0514,7,-5,"A"
"MTJ","Montrose Regional Airport",38.5098,-107.894,5759,-7,"A"
"MTM","Metlakatla Seaplane Base",55.1311,-131.578,0,-9,"A"
"MUE","Waimea Kohala",20.0013,-155.668,2671,-10,"A"
"MUI","Muir Aaf",40.4348,-76.5694,489,-5,"A"
"MUO","Mountain Home Afb",43.0436,-115.872,2996,-7,"A"
"MVL","Morrisville Stowe State Airport",44.535,-72.614,732,-5,"A"
"MVY","Martha\\'s Vineyard",41.3917,-70.6153,67,-5,"A"
"MWA","Williamson Country Regional Airport",37.755,-89.0111,472,-5,"A"
"MWC","Lawrence J Timmerman Airport",43.1104,-88.0344,745,-6,"A"
"MWH","Grant Co Intl",47.2077,-119.32,1185,-8,"A"
"MWL","Mineral Wells",32.7816,-98.0602,974,-6,"A"
"MWM","Windom Municipal Airport",43.9134,-95.1094,1410,-6,"A"
"MXF","Maxwell Afb",32.3829,-86.3658,171,-6,"A"
"MXY","McCarthy Airport",61.4371,-142.903,1531,-8,"U"
"MYF","Montgomery Field",32.4759,117.759,17,-8,"A"
"MYL","McCall Municipal Airport",44.8897,-116.101,5021,-7,"A"
"MYR","Myrtle Beach Intl",33.6797,-78.9283,25,-5,"A"
"MYU","Mekoryuk Airport",60.3714,-166.271,48,-9,"A"
"MYV","Yuba County Airport",39.0553,-121.341,62,-8,"A"
"MZJ","Pinal Airpark",32.5097,-111.325,1893,-7,"N"
"N53","Stroudsburg-Pocono Airport",41.0359,-75.1607,480,-5,"A"
"N69","Stormville Airport",41.577,-73.7324,358,-5,"A"
"N87","Trenton-Robbinsville Airport",40.2139,-74.6018,118,-5,"A"
"NBG","New Orleans Nas Jrb",29.8253,-90.035,3,-6,"A"
"NBU","Naval Air Station",42.0906,-87.8225,653,-6,"A"
"NCN","Chenega Bay Airport",60.0772,-147.992,72,-9,"A"
"NEL","Lakehurst Naes",40.0333,-74.3533,103,-5,"A"
"NFL","Fallon Nas",39.4166,-118.701,3934,-8,"A"
"NGF","Kaneohe Bay Mcaf",21.4505,-157.768,24,-10,"A"
"NGP","Corpus Christi NAS",27.6927,-97.2904,18,-6,"A"
"NGU","Norfolk Ns",36.9376,-76.2893,15,-5,"A"
"NGZ","NAS Alameda",37.7861,-122.319,10,-9,"U"
"NHK","Patuxent River Nas",38.286,-76.4118,39,-5,"A"
"NIB","Nikolai Airport",63.0108,-154.384,427,-9,"A"
"NID","China Lake Naws",35.6854,-117.692,2283,-8,"A"
"NIP","Jacksonville Nas",30.2358,-81.6806,22,-5,"A"
"NJK","El Centro Naf",32.8292,-115.672,-42,-8,"A"
"NKT","Cherry Point Mcas",34.9009,-76.8807,29,-5,"A"
"NKX","Miramar Mcas",32.8677,-117.142,478,-8,"A"
"NLC","Lemoore Nas",36.333,-119.952,234,-8,"A"
"NLG","Nelson Lagoon",56.0075,-161.16,14,-9,"A"
"NME","Nightmute Airport",60.4711,-164.701,4,-10,"A"
"NMM","Meridian Nas",32.5521,-88.5556,317,-6,"A"
"NNL","Nondalton Airport",59.9669,-154.852,262,-9,"A"
"NOW","Port Angeles Cgas",48.1415,-123.414,13,-8,"A"
"NPA","Pensacola Nas",30.3527,-87.3186,28,-6,"A"
"NPZ","Porter County Municipal Airport",41.454,-87.0071,770,-6,"A"
"NQA","Millington Rgnl Jetport",35.3567,-89.8703,320,-6,"A"
"NQI","Kingsville Nas",27.5072,-97.8097,50,-6,"A"
"NQX","Key West Nas",24.5758,-81.6889,6,-5,"A"
"NSE","Whiting Fld Nas North",30.7242,-87.0219,199,-6,"A"
"NTD","Point Mugu Nas",34.1203,-119.121,13,-8,"A"
"NTU","Oceana Nas",36.8207,-76.0335,22,-5,"A"
"NUI","Nuiqsut Airport",70.21,-151.006,38,-9,"A"
"NUL","Nulato Airport",64.7294,-158.074,399,-9,"A"
"NUP","Nunapitchuk Airport",60.9058,-162.439,12,-9,"A"
"NUQ","Moffett Federal Afld",37.4161,-122.049,32,-8,"A"
"NUW","Whidbey Island Nas",48.3518,-122.656,47,-8,"A"
"NXP","Twentynine Palms Eaf",34.2962,-116.162,2051,-8,"A"
"NXX","Willow Grove Nas Jrb",40.1998,-75.1482,358,-5,"A"
"NY9","Long Lake",43.9751,-74.4204,1629,5,"A"
"NYC","All Airports",40.7142,-74.0058,31,-5,"A"
"NYG","Quantico Mcaf",38.5017,-77.3053,11,-5,"A"
"NZC","Cecil Field",30.2187,-81.8767,81,-5,"A"
"NZJ","El Toro",33.6761,-117.731,383,-8,"A"
"NZY","North Island Nas",32.6992,-117.215,26,-8,"A"
"O03","Morgantown Airport",40.157,-75.8705,600,-5,"A"
"O27","Oakdale Airport",37.7563,-120.8,237,-8,"A"
"OAJ","Albert J Ellis",34.8292,-77.6121,94,-5,"A"
"OAK","Metropolitan Oakland Intl",37.7213,-122.221,9,-8,"A"
"OAR","Marina Muni",36.6819,-121.762,134,-8,"A"
"OBE","County",27.2658,-80.8511,34,-5,"A"
"OBU","Kobuk Airport",66.9122,-156.897,137,-9,"A"
"OCA","Key Largo",25.3254,-80.2748,8,-5,"A"
"OCF","International Airport",29.1725,-82.2242,89,-5,"A"
"OEB","Branch County Memorial Airport",41.9336,-85.0523,959,-5,"A"
"OFF","Offutt Afb",41.1183,-95.9125,1052,-6,"A"
"OGG","Kahului",20.8987,-156.43,54,-10,"N"
"OGS","Ogdensburg Intl",44.6819,-75.4655,297,-5,"A"
"OKC","Will Rogers World",35.3931,-97.6007,1295,-6,"A"
"OLF","LM Clayton Airport",48.0944,-105.575,1986,-7,"A"
"OLH","Old Harbor Airport",57.2181,-153.27,55,-9,"A"
"OLM","Olympia Regional Airpor",46.9694,-122.903,209,-7,"A"
"OLS","Nogales Intl",31.4177,-110.848,3955,-7,"A"
"OLV","Olive Branch Muni",34.8769,-89.7833,350,-6,"A"
"OMA","Eppley Afld",41.3032,-95.8941,984,-6,"A"
"OME","Nome",64.5122,-165.445,37,-9,"A"
"OMN","Ormond Beach municipal Airport",29.1804,-81.065,28,-5,"A"
"ONH","Oneonta Municipal Airport",42.5247,-75.0644,1763,-5,"A"
"ONP","Newport Municipal Airport",44.5804,-124.058,160,8,"A"
"ONT","Ontario Intl",34.056,-117.601,944,-8,"A"
"OOK","Toksook Bay Airport",60.5414,-165.087,59,-10,"A"
"OPF","Opa Locka",25.907,-80.2784,8,-5,"A"
"OQU","Quonset State Airport",41.5971,-71.4121,18,-4,"A"
"ORD","Chicago Ohare Intl",41.9786,-87.9048,668,-6,"A"
"ORF","Norfolk Intl",36.8946,-76.2012,26,-5,"A"
"ORH","Worcester Regional Airport",42.2673,-71.8757,1009,-5,"A"
"ORI","Port Lions Airport",57.8853,-152.846,52,-9,"A"
"ORL","Executive",28.5455,-81.3329,113,-5,"A"
"ORT","Northway",62.9613,-141.929,1716,-9,"A"
"ORV","Robert Curtis Memorial Airport",66.8175,-161.022,55,-9,"A"
"OSC","Oscoda Wurtsmith",44.4516,-83.3941,634,-5,"A"
"OSH","Wittman Regional Airport",44.025,-88.5513,790,-5,"A"
"OSU","Ohio State University Airport",40.0798,-83.073,905,-5,"U"
"OTH","Southwest Oregon Regional Airport",43.4171,-124.246,17,-8,"A"
"OTS","Anacortes Airport",48.4989,-122.662,241,-8,"A"
"OTZ","Ralph Wien Mem",66.8847,-162.599,11,-9,"A"
"OWB","Owensboro Daviess County Airport",37.7401,-87.1668,406,-6,"A"
"OWD","Norwood Memorial Airport",42.1905,-71.1729,49,-5,"A"
"OXC","Waterbury-Oxford Airport",41.4786,-73.1352,726,-4,"A"
"OXD","Miami University Airport",39.5023,-84.7844,1040,-5,"U"
"OXR","Oxnard - Ventura County",34.2008,-119.207,15,-8,"A"
"OZA","Ozona Muni",30.7353,-101.203,2381,-6,"A"
"P08","Coolidge Municipal Airport",32.9359,-111.427,1574,-7,"A"
"P52","Cottonwood Airport",34.73,-112.035,3550,-7,"A"
"PAE","Snohomish Co",47.9063,-122.282,606,-8,"A"
"PAH","Barkley Regional Airport",37.0603,-88.773,410,-6,"A"
"PAM","Tyndall Afb",30.0696,-85.5754,17,-6,"A"
"PAO","Palo Alto Airport of Santa Clara County",37.4611,-122.115,7,-8,"A"
"PAQ","Palmer Muni",61.5949,-149.089,242,-9,"A"
"PBF","Grider Fld",34.1731,-91.9356,206,-6,"A"
"PBG","Plattsburgh Intl",44.6509,-73.4681,234,-5,"A"
"PBI","Palm Beach Intl",26.6832,-80.0956,19,-5,"A"
"PBV","St George",56.5783,-169.662,125,-11,"A"
"PBX","Pike County Airport - Hatcher Field",37.5618,-82.5664,1473,-4,"A"
"PCW","Erie-Ottawa Regional Airport",41.5163,-82.8695,590,-5,"U"
"PCZ","Waupaca Municipal Airport",44.3333,-89.0198,840,-6,"A"
"PDB","Pedro Bay Airport",59.7822,-154.132,45,-9,"A"
"PDK","Dekalb-Peachtree Airport",33.8756,-84.302,1003,-4,"A"
"PDT","Eastern Oregon Regional Airport",45.695,-118.841,1497,-7,"A"
"PDX","Portland Intl",45.5887,-122.598,30,-8,"A"
"PEC","Pelican Seaplane Base",57.9553,-136.236,0,-9,"A"
"PEQ","Pecos Municipal Airport",31.3824,-103.511,2613,-6,"A"
"PFN","Panama City Bay Co Intl",30.2121,-85.6828,20,-6,"A"
"PGA","Page Municipal Airport",36.9261,-111.448,4316,-7,"A"
"PGD","Charlotte County-Punta Gorda Airport",26.9197,-81.9906,26,-5,"A"
"PGV","Pitt-Greenville Airport",35.6353,-77.3853,27,-5,"A"
"PHD","Harry Clever Field Airport",40.4702,-81.4199,894,-4,"A"
"PHF","Newport News Williamsburg Intl",37.1319,-76.493,43,-5,"A"
"PHK","Pahokee Airport",26.789,-80.692,18,-5,"A"
"PHL","Philadelphia Intl",39.8719,-75.2411,36,-5,"A"
"PHN","St Clair Co Intl",42.911,-82.5289,650,-5,"A"
"PHO","Point Hope Airport",68.3488,-166.799,12,-9,"A"
"PHX","Phoenix Sky Harbor Intl",33.4343,-112.012,1135,-7,"N"
"PIA","Peoria Regional",40.6642,-89.6933,660,-6,"A"
"PIB","Hattiesburg Laurel Regional Airport",31.4671,-89.3371,298,-6,"A"
"PIE","St Petersburg Clearwater Intl",27.9102,-82.6874,10,-5,"A"
"PIH","Pocatello Regional Airport",42.9098,-112.596,4452,-7,"A"
"PIM","Harris County Airport",32.8407,-84.8824,902,-4,"A"
"PIP","Pilot Point Airport",57.5854,-157.572,57,-9,"A"
"PIR","Pierre Regional Airport",44.3827,-100.286,1742,-6,"A"
"PIT","Pittsburgh Intl",40.4915,-80.2329,1204,-5,"A"
"PIZ","Point Lay Lrrs",69.7329,-163.005,25,-9,"A"
"PKB","Mid-Ohio Valley Regional Airport",39.3451,-81.4392,858,-5,"A"
"PLN","Pellston Regional Airport of Emmet County Airport",45.5709,-84.7967,720,-5,"A"
"PMB","Pembina Muni",48.9425,-97.2408,795,-6,"A"
"PMD","Palmdale Rgnl Usaf Plt 42",34.6294,-118.085,2543,-8,"A"
"PML","Port Moller Airport",56.0061,-160.561,20,-9,"A"
"PMP","Pompano Beach Airpark",26.2471,-80.1111,19,-5,"A"
"PNC","Ponca City Rgnl",36.732,-97.0998,1007,-6,"A"
"PNE","Northeast Philadelphia",40.0819,-75.0106,121,-5,"A"
"PNM","Princeton Muni",45.5599,-93.6082,979,-6,"A"
"PNS","Pensacola Rgnl",30.4734,-87.1866,121,-6,"A"
"POB","Pope Field",35.1709,-79.0145,217,-5,"A"
"POC","Brackett Field",34.0917,-117.782,1014,-7,"A"
"POE","Polk Aaf",31.0448,-93.1917,330,-6,"A"
"POF","Poplar Bluff Municipal Airport",36.7739,-90.3249,331,-6,"A"
"PPC","Prospect Creek Airport",66.8142,-150.644,1095,-9,"A"
"PPV","Port Protection Seaplane Base",56.3289,-133.61,0,-9,"A"
"PQI","Northern Maine Rgnl At Presque Isle",46.689,-68.0448,534,-4,"A"
"PQS","Pilot Station Airport",61.9344,-162.899,305,-9,"A"
"PRC","Ernest A Love Fld",34.6545,-112.42,5045,-7,"A"
"PSC","Tri Cities Airport",46.2647,-119.119,410,-8,"A"
"PSG","Petersburg James A. Johnson",56.8017,-132.945,105,-9,"A"
"PSM","Pease International Tradeport",43.0779,-70.8233,100,-5,"A"
"PSP","Palm Springs Intl",33.8297,-116.507,477,-8,"A"
"PSX","Palacios Muni",28.7275,-96.251,14,-6,"A"
"PTB","Dinwiddie County Airport",37.1838,-77.5074,193,-5,"A"
"PTH","Port Heiden Airport",56.9591,-158.633,95,-9,"A"
"PTK","Oakland Co. Intl",42.667,-83.35,980,-4,"A"
"PTU","Platinum",59.0114,-161.82,15,-9,"A"
"PUB","Pueblo Memorial",38.2891,-104.497,4726,-7,"A"
"PUC","Carbon County Regional-Buck Davis Field",39.6097,-110.753,5957,-6,"A"
"PUW","Pullman-Moscow Rgnl",46.7439,-117.11,2556,-8,"A"
"PVC","Provincetown Muni",42.0719,-70.2214,9,-5,"A"
"PVD","Theodore Francis Green State",41.7326,-71.4204,55,-5,"A"
"PVU","Provo Municipal Airport",40.2181,-111.722,4497,-6,"A"
"PWK","Chicago Executive",42.1143,-87.9015,647,-6,"A"
"PWM","Portland Intl Jetport",43.6462,-70.3093,77,-5,"A"
"PWT","Bremerton National",47.4902,-122.765,444,-8,"A"
"PYM","Plymouth Municipal Airport",41.909,-70.7288,148,-4,"A"
"PYP","Centre-Piedmont-Cherokee County Regional Airport",34.0899,-85.6101,595,-4,"A"
"R49","Ferry County Airport",48.7182,-118.656,2522,-8,"A"
"RAC","John H. Batten Airport",42.7605,-87.8152,674,-6,"A"
"RAL","Riverside Muni",33.9519,-117.445,818,-8,"A"
"RAP","Rapid City Regional Airport",44.0453,-103.057,3204,-7,"A"
"RBD","Dallas Executive Airport",32.6808,-96.8683,201,-6,"A"
"RBK","French Valley Airport",33.5742,-117.128,1350,-8,"A"
"RBM","Robinson Aaf",34.8501,-92.3002,587,-6,"A"
"RBN","Fort Jefferson",24.6167,-82.8667,0,-5,"A"
"RBY","Ruby Airport",64.7272,-155.47,653,-9,"A"
"RCA","Ellsworth Afb",44.145,-103.104,3279,-7,"A"
"RCE","Roche Harbor Seaplane Base",48.6081,-123.16,0,-8,"A"
"RCZ","Richmond County Airport",34.8913,-79.7596,358,-5,"A"
"RDD","Redding Muni",40.509,-122.293,504,-8,"A"
"RDG","Reading Regional Carl A Spaatz Field",40.3785,-75.9652,344,-5,"A"
"RDM","Roberts Fld",44.2541,-121.15,3077,-8,"A"
"RDR","Grand Forks Afb",47.9611,-97.4012,913,-6,"A"
"RDU","Raleigh Durham Intl",35.8776,-78.7875,435,-5,"A"
"RDV","Red Devil Airport",61.7881,-157.35,174,-9,"A"
"REI","Redlands Municipal Airport",34.0853,-117.146,1574,-8,"A"
"RFD","Chicago Rockford International Airport",42.1954,-89.0972,742,-6,"A"
"RHI","Rhinelander Oneida County Airport",45.6312,-89.4675,1624,-6,"A"
"RIC","Richmond Intl",37.5052,-77.3197,167,-5,"A"
"RID","Richmond Municipal Airport",39.7561,-84.8427,1140,-5,"U"
"RIF","Richfield Minicipal Airport",38.7364,-112.099,5301,-6,"A"
"RIL","Garfield County Regional Airport",39.5263,-107.727,5548,-6,"A"
"RIR","Flabob Airport",33.9888,-117.41,764,-8,"A"
"RIU","Rancho Murieta",38.4868,-121.103,141,-8,"A"
"RIV","March Arb",33.8807,-117.259,1535,-8,"A"
"RIW","Riverton Regional",43.0642,-108.46,5525,-7,"A"
"RKD","Knox County Regional Airport",44.0601,-69.0992,56,-5,"A"
"RKH","Rock Hill York Co Bryant Airport",34.9878,-81.0572,667,-5,"A"
"RKP","Aransas County Airport",28.0862,-97.0437,24,-6,"A"
"RKS","Rock Springs Sweetwater County Airport",41.5942,-109.065,6760,-7,"A"
"RME","Griffiss Afld",43.2338,-75.407,504,-5,"A"
"RMG","Richard B Russell Airport",34.3508,-85.1587,664,-4,"A"
"RMP","Rampart Airport",65.5078,-150.141,302,-9,"A"
"RMY","Brooks Field Airport",42.2512,-84.9554,941,-5,"A"
"RND","Randolph Afb",29.5297,-98.2789,762,-6,"A"
"RNM","Ramona Airport",33.0392,-116.915,1395,-8,"A"
"RNO","Reno Tahoe Intl",39.4991,-119.768,4415,-8,"A"
"RNT","Renton",47.4931,-122.216,32,-7,"A"
"ROA","Roanoke Regional",37.3255,-79.9754,1175,-5,"A"
"ROC","Greater Rochester Intl",43.1189,-77.6724,559,-5,"A"
"ROW","Roswell Intl Air Center",33.3016,-104.531,3671,-7,"A"
"RSH","Russian Mission Airport",61.775,-161.319,51,-9,"A"
"RSJ","Rosario Seaplane Base",48.6456,-122.868,0,-8,"A"
"RST","Rochester",43.9083,-92.5,1317,-6,"A"
"RSW","Southwest Florida Intl",26.5362,-81.7552,30,-5,"A"
"RUT","Rutland State Airport",43.5294,-72.9496,787,-5,"A"
"RVS","Richard Lloyd Jones Jr Airport",36.0396,-95.9846,638,-5,"A"
"RWI","Rocky Mount Wilson Regional Airport",35.8563,-77.8919,159,-5,"A"
"RWL","Rawlins Municipal Airport-Harvey Field",41.8056,-107.2,6813,-7,"A"
"RYY","Cobb County Airport-Mc Collum Field",34.0132,-84.5971,1041,-5,"A"
"S46","Port O\\'Connor Airfield",28.43,-96.4429,10,-6,"A"
"SAA","Shively Field Airport",41.4449,-106.824,7012,-6,"A"
"SAC","Sacramento Executive",38.5125,-121.493,24,-8,"A"
"SAD","Safford Regional Airport",32.8533,-109.635,3179,-7,"N"
"SAF","Santa Fe Muni",35.6171,-106.089,6348,-7,"A"
"SAN","San Diego Intl",32.7336,-117.19,17,-8,"A"
"SAT","San Antonio Intl",29.5337,-98.4698,809,-6,"A"
"SAV","Savannah Hilton Head Intl",32.1276,-81.2021,51,-5,"A"
"SBA","Santa Barbara Muni",34.4262,-119.84,10,-8,"A"
"SBD","San Bernardino International Airport",34.0954,-117.235,1159,-8,"A"
"SBM","Sheboygan County Memorial Airport",43.7696,-87.8514,755,-6,"A"
"SBN","South Bend Rgnl",41.7087,-86.3173,799,-5,"A"
"SBO","Emanuel Co",32.6091,-82.3699,327,-5,"A"
"SBP","San Luis County Regional Airport",35.2368,-120.642,212,-8,"A"
"SBS","Steamboat Springs Airport-Bob Adams Field",40.5162,-106.866,6882,-6,"A"
"SBY","Salisbury Ocean City Wicomico Rgnl",38.3405,-75.5103,52,-5,"A"
"SCC","Deadhorse",70.1947,-148.465,64,-9,"A"
"SCE","University Park Airport",40.8493,-77.8487,1239,-5,"A"
"SCH","Stratton ANGB - Schenectady County Airpor",42.8525,-73.9289,378,-5,"A"
"SCK","Stockton Metropolitan",37.8942,-121.238,33,-8,"A"
"SCM","Scammon Bay Airport",61.8453,-165.571,14,-9,"A"
"SDC","Williamson-Sodus Airport",43.2348,-77.1194,424,-5,"A"
"SDF","Louisville International Airport",38.1741,-85.7365,501,-5,"A"
"SDM","Brown Field Municipal Airport",32.5723,-116.98,526,-7,"A"
"SDP","Sand Point Airport",55.315,-160.523,21,-9,"A"
"SDX","Sedona",34.8486,-111.788,4830,-7,"A"
"SDY","Sidney-Richland Municipal Airport",47.7069,-104.193,1984,-7,"A"
"SEA","Seattle Tacoma Intl",47.449,-122.309,433,-8,"A"
"SEE","Gillespie",32.8262,-116.972,388,-8,"A"
"SEF","Regional - Hendricks AAF",27.4564,-81.3422,63,-5,"A"
"SEM","Craig Fld",32.3439,-86.9878,166,-6,"A"
"SES","Selfield Airport",32.4404,-86.9522,131,-6,"A"
"SFB","Orlando Sanford Intl",28.7776,-81.2375,55,-5,"A"
"SFF","Felts Fld",47.6828,-117.323,1953,-8,"A"
"SFM","Sanford Regional",43.3938,-70.708,244,-5,"A"
"SFO","San Francisco Intl",37.619,-122.375,13,-8,"A"
"SFZ","North Central State",41.9208,-71.4914,441,-5,"A"
"SGF","Springfield Branson Natl",37.2457,-93.3886,1268,-6,"A"
"SGH","Springfield-Beckly Municipal Airport",39.8403,-83.8402,1051,-5,"A"
"SGJ","St. Augustine Airport",29.9593,-81.3397,10,-5,"A"
"SGR","Sugar Land Regional Airport",29.6223,-95.6565,82,-6,"A"
"SGU","St George Muni",37.0906,-113.593,2941,-7,"A"
"SGY","Skagway Airport",59.4601,-135.316,44,-9,"A"
"SHD","Shenandoah Valley Regional Airport",38.2639,-78.8964,1201,-5,"A"
"SHG","Shungnak Airport",66.8881,-157.162,197,-9,"A"
"SHH","Shishmaref Airport",66.2496,-166.089,12,-9,"A"
"SHR","Sheridan County Airport",44.7692,-106.98,4021,-7,"A"
"SHV","Shreveport Rgnl",32.4466,-93.8256,258,-6,"A"
"SHX","Shageluk Airport",62.6922,-159.569,79,-9,"A"
"SIK","Sikeston Memorial Municipal",36.8989,-89.5618,315,-6,"A"
"SIT","Sitka Rocky Gutierrez",57.0471,-135.362,21,-9,"A"
"SJC","Norman Y Mineta San Jose Intl",37.3626,-121.929,62,-8,"A"
"SJT","San Angelo Rgnl Mathis Fld",31.3577,-100.496,1919,-6,"A"
"SKA","Fairchild Afb",47.6151,-117.656,2461,-8,"A"
"SKF","Lackland Afb Kelly Fld Annex",29.3842,-98.5811,691,-6,"A"
"SKK","Shaktoolik Airport",64.3711,-161.224,24,-9,"A"
"SKY","Griffing Sandusky",41.4334,-82.6523,580,-5,"A"
"SLC","Salt Lake City Intl",40.7884,-111.978,4227,-7,"A"
"SLE","McNary Field",44.9095,-123.003,214,-7,"A"
"SLK","Adirondack Regional Airport",44.3853,-74.2062,1663,-5,"A"
"SLN","Salina Municipal Airport",38.791,-97.6522,1288,-6,"A"
"SLQ","Sleetmute Airport",61.7006,-157.166,190,-9,"A"
"SMD","Smith Fld",41.1434,-85.1528,834,-5,"A"
"SME","Lake Cumberland Regional Airport",37.0536,-84.6156,927,-5,"A"
"SMF","Sacramento Intl",38.6954,-121.591,27,-8,"A"
"SMK","St. Michael Airport",63.49,-162.11,98,-9,"A"
"SMN","Lemhi County Airport",45.1239,-113.881,4043,-7,"A"
"SMO","Santa Monica Municipal Airport",34.0158,-118.451,177,-7,"A"
"SMX","Santa Maria Pub Cpt G Allan Hancock Airport",34.8989,-120.457,261,-8,"A"
"SNA","John Wayne Arpt Orange Co",33.6757,-117.868,56,-8,"A"
"SNP","St Paul Island",57.1673,-170.22,63,-11,"A"
"SNY","Sidney Muni Airport",41.1017,-102.985,4313,-7,"A"
"SOP","Moore County Airport",35.2376,-79.3888,455,-5,"A"
"SOW","Show Low Regional Airport",34.2656,-110.006,6415,-7,"A"
"SPB","Scappoose Industrial Airpark",45.771,-122.862,58,-8,"A"
"SPF","Black Hills Airport-Clyde Ice Field",44.4811,-103.786,3931,-7,"A"
"SPG","Albert Whitted",27.7651,-82.627,7,-5,"A"
"SPI","Abraham Lincoln Capital",39.8441,-89.6779,597,-6,"A"
"SPS","Sheppard Afb Wichita Falls Muni",33.9888,-98.4919,1019,-6,"A"
"SPW","Spencer Muni",43.1655,-95.2028,1339,-6,"A"
"SPZ","Silver Springs Airport",39.403,-119.251,4269,-8,"A"
"SQL","San Carlos Airport",37.5119,-122.249,5,-8,"A"
"SRQ","Sarasota Bradenton Intl",27.3954,-82.5544,30,-5,"A"
"SRR","Sierra Blanca Regional Airport",33.4629,-105.535,6814,-7,"A"
"SRV","Stony River 2 Airport",61.7875,-156.591,230,-9,"A"
"SSC","Shaw Afb",33.9727,-80.4706,242,-5,"A"
"SSI","McKinnon Airport",31.152,-81.3911,19,-4,"A"
"STC","Saint Cloud Regional Airport",45.5466,-94.0599,1031,-6,"A"
"STE","Stevens Point Municipal Airport",44.5451,-89.5303,1110,-6,"A"
"STG","St. George Airport",56.5772,-169.664,125,-9,"A"
"STJ","Rosecrans Mem",39.7719,-94.9097,826,-6,"A"
"STK","Sterling Municipal Airport",40.6153,-103.265,4040,-7,"A"
"STL","Lambert St Louis Intl",38.7487,-90.37,618,-6,"A"
"STS","Charles M Schulz Sonoma Co",38.509,-122.813,125,-8,"A"
"SUA","Witham Field Airport",27.1817,-80.2213,16,-4,"A"
"SUE","Door County Cherryland Airport",44.8437,-87.4216,725,-6,"U"
"SUN","Friedman Mem",43.5044,-114.296,5320,-7,"A"
"SUS","Spirit Of St Louis",38.6621,-90.652,463,-7,"A"
"SUU","Travis Afb",38.2627,-121.927,62,-8,"A"
"SUX","Sioux Gateway Col Bud Day Fld",42.4026,-96.3844,1098,-6,"A"
"SVA","Savoonga Airport",63.6864,-170.493,53,-9,"A"
"SVC","Grant County Airport",32.6365,-108.156,5446,-7,"A"
"SVH","Regional Airport",35.765,-80.9539,968,-5,"A"
"SVN","Hunter Aaf",32.01,-81.1457,42,-5,"A"
"SVW","Sparrevohn Lrrs",61.0974,-155.574,1583,-9,"A"
"SWD","Seward Airport",60.1269,-149.419,22,-8,"U"
"SWF","Stewart Intl",41.5041,-74.1048,491,-5,"A"
"SXP","Sheldon Point Airport",62.5206,-164.848,12,-9,"A"
"SXQ","Soldotna Airport",60.475,-151.038,113,-8,"U"
"SYA","Eareckson As",52.7123,174.114,98,-10,"A"
"SYB","Seal Bay Seaplane Base",58.1667,-152.5,0,-9,"A"
"SYR","Syracuse Hancock Intl",43.1112,-76.1063,421,-5,"A"
"SZL","Whiteman Afb",38.7303,-93.5479,870,-6,"A"
"TAL","Tanana Airport",65.1796,-152.076,207,-9,"A"
"TAN","Taunton Municipal Airport - King Field",41.8744,-71.0166,43,-5,"A"
"TBN","Waynesville Rgnl Arpt At Forney Fld",37.7416,-92.1407,1159,-6,"A"
"TCC","Tucumcari Muni",35.1828,-103.603,4065,-7,"A"
"TCL","Tuscaloosa Rgnl",33.2206,-87.6114,170,-6,"A"
"TCM","Mc Chord Afb",47.1377,-122.476,322,-8,"A"
"TCS","Truth Or Consequences Muni",33.2369,-107.272,4853,-7,"A"
"TCT","Takotna Airport",62.9719,-156.083,825,-9,"A"
"TEB","Teterboro",40.8501,-74.0608,9,-5,"A"
"TEK","Tatitlek Airport",60.8725,-146.691,62,-9,"A"
"TEX","Telluride",37.9538,-107.908,9078,-7,"A"
"TIK","Tinker Afb",35.4147,-97.3866,1291,-6,"A"
"TIW","Tacoma Narrows Airport",47.2679,-122.578,294,-8,"A"
"TKA","Talkeetna",62.3205,-150.094,358,-9,"A"
"TKE","Tenakee Seaplane Base",57.7797,-135.218,0,-9,"A"
"TKF","Truckee-Tahoe Airport",39.32,-120.14,5900,-7,"A"
"TKI","Collin County Regional Airport at Mc Kinney",33.1779,-96.5905,585,-6,"A"
"TLA","Teller Airport",65.2403,-166.339,294,-9,"A"
"TLH","Tallahassee Rgnl",30.3965,-84.3503,81,-5,"A"
"TLJ","Tatalina Lrrs",62.8944,-155.977,964,-9,"A"
"TLT","Tuluksak Airport",61.0969,-160.969,30,-9,"A"
"TMA","Henry Tift Myers Airport",31.429,-83.4885,355,-5,"A"
"TMB","Kendall Tamiami Executive",25.6479,-80.4328,8,-5,"A"
"TNC","Tin City LRRS Airport",65.5631,-167.922,269,-9,"A"
"TNK","Tununak Airport",60.5756,-165.272,14,-10,"A"
"TNT","Dade Collier Training And Transition",25.8618,-80.897,13,-5,"A"
"TNX","Tonopah Test Range",37.7988,-116.781,5549,-8,"A"
"TOA","Zamperini Field Airport",33.8034,-118.34,101,-8,"A"
"TOC","Toccoa RG Letourneau Field Airport",34.5928,-83.2964,996,-4,"A"
"TOG","Togiak Airport",59.0528,-160.397,21,-9,"A"
"TOL","Toledo",41.5868,-83.8078,684,-5,"A"
"TOP","Philip Billard Muni",39.0687,-95.6225,881,-6,"A"
"TPA","Tampa Intl",27.9755,-82.5332,26,-5,"A"
"TPL","Draughon Miller Central Texas Rgnl",31.1525,-97.4078,682,-6,"A"
"TRI","Tri-Cities Regional Airport",36.4752,-82.4074,1519,-5,"A"
"TRM","Jacqueline Cochran Regional Airport",33.6267,-116.16,0,-7,"A"
"TSS","East 34th Street Heliport",40.7425,-73.9719,10,-5,"A"
"TTD","Portland Troutdale",45.5494,-122.401,39,-8,"A"
"TTN","Trenton Mercer",40.2767,-74.8135,213,-5,"A"
"TUL","Tulsa Intl",36.1984,-95.8881,677,-6,"A"
"TUP","Tupelo Regional Airport",34.2681,-88.7699,346,-6,"A"
"TUS","Tucson Intl",32.1161,-110.941,2643,-7,"N"
"TVC","Cherry Capital Airport",44.7414,-85.5822,624,-5,"A"
"TVF","Thief River Falls",48.0656,-96.185,1116,-6,"A"
"TVI","Thomasville Regional Airport",30.9018,-83.8811,264,-5,"A"
"TVL","Lake Tahoe Airport",38.8939,-119.995,8544,-8,"A"
"TWA","Twin Hills Airport",59.0744,-160.275,82,-9,"A"
"TWD","Jefferson County Intl",48.0314,-122.484,108,-8,"A"
"TWF","Magic Valley Regional Airport",42.4818,-114.488,4151,-7,"A"
"TXK","Texarkana Rgnl Webb Fld",33.4537,-93.991,390,-6,"A"
"TYE","Tyonek Airport",61.0767,-151.138,110,-8,"A"
"TYR","Tyler Pounds Rgnl",32.3541,-95.4024,544,-6,"A"
"TYS","Mc Ghee Tyson",35.811,-83.994,981,-5,"A"
"U76","Mountain Home Municipal Airport",43.1316,-115.731,3167,-7,"A"
"UDD","Bermuda Dunes Airport",33.7484,-116.275,73,-7,"A"
"UDG","Darlington County Jetport",34.4494,-79.8901,192,-4,"A"
"UES","Waukesha County Airport",43.041,-88.2371,911,-6,"A"
"UGN","Waukegan Rgnl",42.4222,-87.8679,727,-6,"A"
"UIN","Quincy Regional Baldwin Field",39.9427,-91.1946,769,-6,"A"
"UMP","Indianapolis Metropolitan Airport",39.9353,-86.045,811,-5,"A"
"UNK","Unalakleet Airport",63.8883,-160.799,21,-9,"A"
"UPP","Upolu",20.2653,-155.86,96,-10,"A"
"UST","St. Augustine Airport",29.9592,-81.3397,10,-5,"A"
"UTM","Tunica Municipal Airport",34.681,-90.3467,194,-6,"A"
"UTO","Indian Mountain Lrrs",65.9928,-153.704,1220,-9,"A"
"UUK","Ugnu-Kuparuk Airport",70.3308,-149.598,67,-9,"A"
"UUU","Newport State",41.5331,-71.2822,172,-5,"A"
"UVA","Garner Field",29.2154,-99.749,942,-6,"A"
"VAD","Moody Afb",30.9678,-83.193,233,-5,"A"
"VAK","Chevak Airport",61.5338,-165.584,75,-9,"A"
"VAY","South Jersey Regional Airport",39.9429,-74.8457,53,-5,"A"
"VBG","Vandenberg Afb",34.7373,-120.584,369,-8,"A"
"VCT","Victoria Regional Airport",28.8526,-96.9185,115,-6,"A"
"VCV","Southern California Logistics",34.5975,-117.383,2885,-8,"A"
"VDF","Tampa Executive Airport",28.014,-82.3453,22,-5,"A"
"VDZ","Valdez Pioneer Fld",61.1339,-146.248,118,-9,"A"
"VEE","Venetie Airport",67.0086,-146.366,574,-9,"A"
"VEL","Vernal Regional Airport",40.4408,-109.51,5278,-7,"A"
"VGT","North Las Vegas Airport",36.2107,-115.194,2205,-7,"U"
"VIS","Visalia Municipal Airport",36.3186,-119.393,295,-8,"A"
"VLD","Valdosta Regional Airport",30.7825,-83.2767,203,-5,"A"
"VNW","Van Wert County Airport",40.8638,-84.6064,787,-5,"A"
"VNY","Van Nuys",34.2098,-118.49,802,-8,"A"
"VOK","Volk Fld",43.939,-90.2534,912,-6,"A"
"VPC","Cartersville Airport",34.1231,-84.8487,759,-4,"A"
"VPS","Eglin Afb",30.4833,-86.5254,87,-6,"A"
"VRB","Vero Beach Muni",27.6556,-80.4179,24,-5,"A"
"VSF","Hartness State",43.3433,-72.5172,577,-5,"A"
"VYS","Illinois Valley Regional",41.3519,-89.1531,654,-6,"A"
"W13","Eagle's Nest Airport",38.0769,-78.9442,1437,-5,"A"
"WAA","Wales Airport",65.6225,-168.095,22,-9,"A"
"WAL","Wallops Flight Facility",37.9402,-75.4664,40,-5,"A"
"WAS","All Airports",38.8894,-77.0353,25,-5,"A"
"WBB","Stebbins Airport",63.5158,-162.278,14,-9,"A"
"WBQ","Beaver Airport",66.3622,-147.407,359,-9,"A"
"WBU","Boulder Municipal",40.0394,-105.226,5288,-7,"A"
"WBW","Wilkes-Barre Wyoming Valley Airport",41.2973,-75.8522,543,-5,"A"
"WDR","Barrow County Airport",33.9829,-83.6674,943,-4,"A"
"WFB","Ketchikan harbor Seaplane Base",55.3444,-131.663,0,-9,"A"
"WFK","Northern Aroostook Regional Airport",47.2856,-68.3128,988,-5,"A"
"WHD","Hyder Seaplane Base",55.9033,-130.007,0,-9,"A"
"WHP","Whiteman Airport",34.2593,-118.413,1003,-8,"A"
"WIH","Wishram Amtrak Station",45.6576,-120.966,1,-8,"A"
"WKK","Aleknagik Airport",59.2826,-158.618,66,-9,"A"
"WKL","Waikoloa Heliport",19.9136,-155.864,109,-10,"N"
"WLK","Selawik Airport",66.6,-159.986,17,-9,"A"
"WMO","White Mountain Airport",64.6892,-163.413,267,-9,"A"
"WRB","Robins Afb",32.6401,-83.5918,294,-5,"A"
"WRG","Wrangell Airport",56.4843,-132.37,44,-9,"A"
"WRI","Mc Guire Afb",40.0156,-74.5917,131,-5,"A"
"WRL","Worland Municipal Airport",43.9657,-107.951,4227,-7,"A"
"WSD","Condron Aaf",32.3415,-106.403,3934,-7,"A"
"WSJ","San Juan - Uganik Seaplane Base",57.7303,-153.321,0,-9,"A"
"WSN","South Naknek Airport",58.7022,-157.003,162,-9,"A"
"WST","Westerly State Airport",41.3497,-71.8033,81,-5,"A"
"WSX","Westsound Seaplane Base",48.6178,-122.953,0,-8,"A"
"WTK","Noatak Airport",67.5661,-162.975,88,-9,"A"
"WTL","Tuntutuliak Airport",60.3353,-162.667,16,-9,"A"
"WWD","Cape May Co",39.0085,-74.9083,23,-5,"A"
"WWP","North Whale Seaplane Base",56.1164,-133.122,0,-9,"A"
"WWT","Newtok Airport",60.9392,-164.641,25,-10,"U"
"WYS","Yellowstone Airport",44.6883,-111.118,6644,-7,"A"
"X01","Everglades Airpark",25.8489,-81.3903,5,-5,"U"
"X07","Lake Wales Municipal Airport",27.8938,-81.6204,127,-5,"A"
"X21","Arthur Dunn Airpark",28.6226,-80.8354,30,-5,"A"
"X39","Tampa North Aero Park",28.2213,-82.3746,68,-5,"A"
"X49","South Lakeland Airport",27.9334,-82.044,110,-5,"A"
"XFL","Flagler County Airport",29.2821,-81.1212,33,-5,"A"
"XNA","NW Arkansas Regional",36.2819,-94.3068,1287,-6,"A"
"XZK","Amherst Amtrak Station AMM",42.375,-72.5114,258,-5,"A"
"Y51","Municipal Airport",43.5794,-90.8965,1292,-6,"A"
"Y72","Bloyer Field",43.9762,-90.4806,966,-6,"A"
"YAK","Yakutat",59.3012,-139.394,33,-9,"A"
"YIP","Willow Run",42.2379,-83.5304,716,-5,"A"
"YKM","Yakima Air Terminal McAllister Field",46.5682,-120.544,1095,-8,"A"
"YKN","Chan Gurney",42.8711,-97.3969,1200,-6,"A"
"YNG","Youngstown Warren Rgnl",41.2607,-80.6791,1196,-5,"A"
"YUM","Yuma Mcas Yuma Intl",32.6566,-114.606,216,-7,"N"
"Z84","Clear",64.3012,-149.12,552,-9,"A"
"ZBP","Penn Station",39.3072,-76.6156,66,-5,"A"
"ZFV","Philadelphia 30th St Station",39.9557,-75.182,0,-5,"A"
"ZPH","Municipal Airport",28.2281,-82.1558,90,-5,"A"
"ZRA","Atlantic City Rail Terminal",39.3665,-74.442,8,-5,"A"
"ZRD","Train Station",37.5343,-77.4295,26,-5,"A"
"ZRP","Newark Penn Station",40.7347,-74.1642,0,-5,"A"
"ZRT","Hartford Union Station",41.7689,-72.6815,0,-5,"A"
"ZRZ","New Carrollton Rail Station",38.948,-76.8719,39,-5,"A"
"ZSF","Springfield Amtrak Station",42.106,-72.5931,65,-5,"A"
"ZSY","Scottsdale Airport",33.6229,-111.911,1519,-7,"A"
"ZTF","Stamford Amtrak Station",41.0469,-73.5415,0,-5,"A"
"ZTY","Boston Back Bay Station",42.3478,-71.075,20,-5,"A"
"ZUN","Black Rock",35.0832,-108.792,6454,-7,"A"
"ZVE","New Haven Rail Station",41.2987,-72.926,7,-5,"A"
"ZWI","Wilmington Amtrak Station",39.7367,-75.5517,0,-5,"A"
"ZWU","Washington Union Station",38.8975,-77.0064,76,-5,"A"
"ZYP","Penn Station",40.7505,-73.9935,35,-5,"A"
